类别,文本
娱乐,许光汉回应加盟《中餐厅》：可以期待一下
娱乐,小S说自己有容貌焦虑：在餐厅吃饭会不停照镜子
娱乐,龟梨和也出演三池崇史新片《怪物樵夫》
娱乐,福建省泉州市丰泽区影视文旅产业推介会举办
娱乐,S2O电音节端午假期将在三亚首秀 出演阵容公布
娱乐,新浪观影团《疯狂元素城》亲子专场免费抢票
娱乐,新浪观影团《变形金刚：超能勇士崛起》免费抢票
娱乐,影迷评《蜘蛛侠：纵横宇宙》画风炫酷 制作精良
娱乐,OSN高尔宣北美巡演多伦多站官宣 9月1日将开唱
娱乐,苏打绿举办限定免费演唱会 宣布将有惊喜巡演
娱乐,役所广司获得戛纳影帝凯旋 出席活动获掌声
娱乐,新浪观影团《蜘蛛侠：纵横宇宙》北京免费抢票
娱乐,2023郑钧全国巡回演唱会北京站5月31日预售开启
娱乐,影迷评《哆啦A梦：大雄与天空的理想乡》温暖感动
娱乐,《志愿军：雄兵出击》新浪潮论坛 还原历史细节
娱乐,惊悚剧集《母狮》发布剧照 佐伊·索尔达娜主演
娱乐,《人生路不熟》上映满月 范丞丞发文分享感受
娱乐,苏炳添晒照官宣得子 暖心配文“一起守护妈妈”
娱乐,真实震撼感动并存 《长空之王》累计票房破8亿
娱乐,第四届深圳声乐季公开课上线 助力中国声乐发展
娱乐,电视剧《公诉》定档5月29日 迪丽热巴佟大为主演
娱乐,曝李仙姬与HOOK娱乐代表勾结 合力侵占公司财产
娱乐,SKE48松井玲奈将与近藤晃央结婚 在迪士尼办婚礼
娱乐,谢楠节目中谈吴京 称他为了拍戏最长一年半没回家
娱乐,导演沙碧红携新片现身戛纳 影片选材真实故事
娱乐,杨洋和沙溢两位军艺校草在华表奖现场互加好友
娱乐,张馨予发文反对虐待动物：这是可怕的蝴蝶效应
娱乐,2023“星耀曲江”演唱会阵容公布 预售即将开启
娱乐,刘宪华回应当初退出《向往的生活》：压力太大
娱乐,《花月杀手》7年才完成 导演马丁:我的时间不多了
娱乐,创造宇宙音乐节将举行 范丞丞方预付2000张门票
娱乐,2023西班牙电影展即将在卢米埃影城开幕
娱乐,新浪观影团《哆啦A梦：天空的理想乡》免费抢票
娱乐,电影《最后的防线》启动仪式在京举行
娱乐,艺术电影展·2023春华夏繁主题展映
娱乐,刘诗诗与何超莲合照 漂亮姐姐同框赏心悦目
娱乐,杨洋上海出发 将参加华表奖典礼
娱乐,小鬼王琳凯生日演唱会启动 巡演首站登陆深圳
娱乐,黄渤倪妮新戏在港拍摄发生意外 伤者正在诊断治疗
娱乐,影迷评《速度与激情10》：场面炸裂 刺激过瘾
娱乐,《十年一品温如言》丁禹兮任敏分获金扫帚奖
娱乐,朱一龙和日本著名导演是枝裕和在戛纳晚宴聊天
娱乐,《隔壁泰山》陷版权纠纷 阿里郎组合发声明维权
娱乐,中国电影华表奖颁奖典礼官宣将于5月23日举行
娱乐,Matzka发行首张排湾语专辑 聆听来自山与海的声音
娱乐,山下智久新片《SEE HEAR LOVE》公开预告片
娱乐,《极限挑战》自助旅行 体验光雾山的风土人情
娱乐,小范宁因粉丝数不够而被大片系列拒绝
娱乐,电影《灌篮高手》密钥延期 延长上映至6月19日
娱乐,新浪观影团《速度与激情10》免费抢票
娱乐,世界青年短片大赛明天线上展映直播
娱乐,韩蕴美原创歌曲入围杭州亚运会主题歌曲评选前十
娱乐,王海歌年内将卸任华鼎奖主席一职
娱乐,《来活了兄弟》发布会 陈楚生苏醒王栎鑫张远整活
娱乐,日本著名演员伊势谷友介涉毒被捕后复出
娱乐,影迷评《银河护卫队3》：制作精良 搞笑逗趣
娱乐,《极限挑战》走进自然呼吁保护濒危动物
娱乐,虚拟DJ李跳跳JumpIn首次亮相北京草莓音乐节
娱乐,艾薇与偶像合作 携手华晨宇对唱《后来的我们》
娱乐,韩影票房：《铃芽之旅》长红 《盗梦空间》重入榜
娱乐,韩剧收视：《金师傅3》未播先热 《花书生》降至8
娱乐,五一档观众满意度得分83.3分 《长空之王》第一
娱乐,国产动漫《遮天》发布主题曲MV 刘欢萧敬腾献唱
娱乐,影迷评《长空之王》：真实感动 振奋人心
娱乐,《极挑》开启烧脑模式 黄明昊极限推理绕晕贾乃亮
娱乐,《当燃青春》办开播启动仪式 多方见证青春的力量
娱乐,Apink四人签新经纪公司 仅郑恩地与原公司续约
娱乐,香港翻拍韩剧《社内相亲》 卢瀚霆吕爵安主演
娱乐,Apink四成员合约到期不续约 维持组合活动不解散
娱乐,校长张驰带来《带你去旅行》“续集”《旅行ing》
娱乐,《青年π计划》开播 乐坛新生代登场表达青春态度
娱乐,山下智久主演电影《See Hear Love》公开预告片
娱乐,第36届华鼎奖好莱坞开奖 世界青年短片大赛揭晓
娱乐,新浪观影团《银河护卫队3》免费观影抢票
娱乐,《四郎探母》《红楼二尤》等四部京剧电影上映
娱乐,电影《白塔之光》北影节首映 柏林后再获观众好评
娱乐,《经典咏流传正青春》发布会:以焕新姿态奋进前行
娱乐,第96届奥斯卡颁奖礼将于2024年3月11日举行
娱乐,周恩洋KILLA全新原创单曲《Here Before》发布
娱乐,日剧《宽松世代又如何》拍电影版 日本定档10月
娱乐,《极限挑战》将播 忠贞爱情故事感动“极挑团”
娱乐,影迷评《灌篮高手》：青春热血 重燃赛场
娱乐,已故英女王97岁诞辰 温馨家庭合影公布
娱乐,陈凯歌新片《志愿军》定档国庆 影片仍在拍摄中
娱乐,KAKA李奕可参与制作檀健次新歌 4月20日上线
娱乐,电影《长安三万里》定档暑期 聚焦高适李白的故事
娱乐,陈昊姝新歌《Smell》上线 描绘少女的初恋心情
娱乐,梦然最新情歌单曲《不想天黑》发布
娱乐,新浪观影团《长空之王》五一假期免费抢票
娱乐,全球智媒体大会澳门峰会 张卫谭飞阿郎等嘉宾出席
娱乐,王宝强导演电影《八角笼中》定档7月6日全国上映
娱乐,柯南剧场版《黑铁的鱼影》票房破纪录 有望超百亿
娱乐,电影《白色闪电》开机 青春因你而献上
娱乐,王丹妮因金像奖现场没认出“枢”字道歉
娱乐,陈奕迅全新巡演香港27场开唱 打造全新主题
娱乐,《咒怨》导演新片曝海报 日本定档8月11日
娱乐,荒井晴彦新片《花腐》海报公开 预计今年冬季上映
娱乐,看电影主编阿郎：电影创作者要平等看待青年观众
娱乐,《极限挑战》第九季开播 首期上演全员入睡名场面
娱乐,《斯文江南2》开播：岳云鹏“超时空对话”陶渊明
娱乐,这就是街舞制作方灿星文化成被执行人
娱乐,新浪观影团《灌篮高手》粉丝专场免费抢票
娱乐,胡枫获第41届香港电影金像奖“终身成就奖”
娱乐,世界电影节主席论坛举行 文隽对香港电影充满信心
娱乐,中森明菜演唱会推出4K版电影 4月28日日本上映
娱乐,王力宏演唱会将于6月10日在曼谷举行
娱乐,世界电影产业大会落幕 历时近七个月举办16场活动
娱乐,Ella回应网传《乘风2023》初舞台第一：看看就好
娱乐,悬疑片《走到尽头》曝预告 冈田准一绫野刚合作
娱乐,冯小刚说自己拍不了甜宠剧 只能驾驭现实主义
娱乐,《极限挑战9》阵容官宣 诠释一往无前的向上精神
娱乐,王海歌获美国国会议员刘云平表彰
娱乐,《无间》《薄冰》热播 谍战剧依然被青睐
娱乐,赵阳：《他是谁》聂宝华就是“宠妹狂魔”
娱乐,《了不起!舞社2》定档 总导演谈多元化主理人选择
娱乐,王海歌获第36届华鼎奖杰出成就奖
娱乐,乡村生活综艺：打造现代人的“武陵源”
娱乐,影迷评《超级马力欧兄弟大电影》：色彩艳丽
娱乐,历“9”弥新，一往无前！《极限挑战》第九季官宣
娱乐,《模仿犯》成绩优异 吴慷仁发文感谢工作人员
娱乐,安俊英出狱后再入职Mnet引争议 CJENM发声明道歉
娱乐,两大香港艺团联袂呈献大型舞剧《布兰诗歌》
娱乐,杨紫琼好莱坞再获第36届华鼎奖全球影后
娱乐,澳涞坞五大洲电影节金莉花奖揭晓 《妈妈！》获奖
娱乐,乡村生活综艺：描绘乡村振兴美好蓝图
娱乐,是枝裕和阪元裕二《怪物》公开海报和部分剧情
娱乐,容祖儿Eternity演唱会澳门开唱 打造全新舞台
娱乐,新浪观影团《超级马力欧兄弟大电影》3D抢票
娱乐,北京卢米埃影城2023年意大利影像展即将开幕
娱乐,影迷评《忠犬八公》：温暖治愈 催泪感人
娱乐,新安江音乐节官宣启动 两场阵容公布
娱乐,合家欢动画《大旅行》发萌兽联盟版角色海报
娱乐,《新生万物》收官 杨澜称下季将拥抱更多国际视野
娱乐,《水流向大海》公开主演广濑铃大西利空等人剧照
娱乐,《喜欢你我也是4》举办看片会 现场嗑糖氛围爆棚
娱乐,比尔·麦克尼柯担任第36届华鼎奖评委会主席
娱乐,王海歌当选澳涞坞五大洲电影节评委会主席
娱乐,中国电影资料馆安溪数字资源中心启动
娱乐,影迷评《不止不休》：演技在线 发人深省
娱乐,影迷评《龙与地下城：侠盗荣耀》：诙谐幽默
娱乐,乡村振兴纪录电影《加油吧！乡亲们》定档520
娱乐,高桥一生《岸边露伴一动不动》巴黎拍摄 首曝预告
娱乐,王鹤棣拉刘耀文手打招呼 篮球小老铁互动可爱
娱乐,《灌篮高手》发布赤木刚宪角色海报 4月20日上映
娱乐,TVB计划裁员5% 未达预期节目将被终止
娱乐,《声生不息宝岛季》以乐会友，全民共唱华流金曲
娱乐,新浪观影团《忠犬八公》首映观影免费抢票
娱乐,夏奇拉前任皮克回应出轨：只想忠于自己的内心
娱乐,华晨宇火星演唱会加场 杭州成都双城四场门票售罄
娱乐,黎明澳门演唱会5月开唱14场 将设计全新演出内容
娱乐,影迷评《雷霆沙赞！众神之怒》：轻松解压
娱乐,《虽然没准备什么菜》回归 将于4月7日公开第2季
娱乐,萨日娜：真诚是最好的表演
娱乐,抗美援朝题材电视剧《侦察英雄》开机
娱乐,《毛雪汪》定档320 郭麒麟做客上演限定小剧场
娱乐,新浪观影团《龙与地下城：侠盗荣耀》免费抢票
娱乐,真木阳子时隔五年主演电影《暗流》
娱乐,动画《大旅行》定档4月8日 萌兽送熊猫宝宝回家
娱乐,新浪观影团《不止不休》超前观影免费抢票
娱乐,《哈哈哈哈哈》第三季正在热播 助力地方文旅发展
娱乐,影迷评《保你平安》：笑点不断 温暖治愈
娱乐,《种地吧》回归真诚 扎根土地关注农耕问题
娱乐,第36届华鼎奖颁布新规则
娱乐,《五哈3》首播 五哈团开启“天坑”东北行
娱乐,新浪观影团《保你平安》首映免费抢票
娱乐,新浪观影团《雷霆沙赞！众神之怒》免费抢票
娱乐,李宗霖新歌《仅此而已》上线 唱出单向奔赴的爱情
娱乐,《灌篮高手》上映13周重回日本周末票房榜冠军
娱乐,迪士尼在职时间最长员工伯尼马丁森逝世 享年87岁
娱乐,电影《望道》举行上海媒体超前观影会
娱乐,北野武小说《落伍》改编电影 二宫和也和波瑠合作
娱乐,《大侦探8》用法治文艺节目创新普法形式
娱乐,专家评儿童电影《远山花开》：有温度、接地气
娱乐,影迷评《蚁人与黄蜂女》：高潮迭起 笑点频出
娱乐,马伯庸：预料之外费启鸣把丰宝玉演活了
娱乐,北京卢米埃影城2023瑞士电影展开幕
娱乐,“职场+”或成今年综艺新风口
娱乐,这些亲密关系热词 《再见爱人》主创有解读
娱乐,电影 《无名》宣布延长上映至3月31日
娱乐,从大结局，看《狂飙》为什么能“飙”起来
娱乐,《狂飙》“老默”扮演者冯兵:希望下次演正面角色
娱乐,《君子盟》：拍得确实很“君子” 淡如水
娱乐,开年第一爆款剧《狂飙》是如何炼成的？
娱乐,再现平凡生活 《我们的日子》着重对“日子”描摹
娱乐,《我们的日子》：复刻八十年代生活细节
娱乐,经典IP翻拍 电视剧《三体》做对了什么？
娱乐,制片人揭秘：《狂飙》如何成为“开年爆剧”？
娱乐,用小作文告别角色 《狂飙》又赢了
娱乐,张学友《日出时让街灯安睡》MV治愈发布 慰藉心灵
娱乐,《流浪地球2》路演收官 郭帆动情感谢吴京帮助
娱乐,杨紫方澄清从未组织集资群演招募 呼吁理智追星
娱乐,HYBE回应收购SMTOWN股份:目前还没有确定的事项
娱乐,周恩洋《我要飞起来在千米外》上线 解锁新曲风
娱乐,《再见爱人2》收官！孙怡说希望有新身份来第三季
娱乐,杨幂和杨颖哪个好看？张大大：都太瘦了不好看
娱乐,热血国风！井胧携歌曲《骁》唱响元宵晚会
娱乐,新浪观影团《蚁人与黄蜂女：量子狂潮》免费抢票
娱乐,影迷评《中国乒乓之绝地反击》：高燃热血
娱乐,连淮伟被指疑似恋情曝光 当事人回应称是工作人员
娱乐,詹姆斯古恩让观众投票是否保留超人红内裤
娱乐,新浪观影团《中国乒乓之绝地反击》免费抢票
娱乐,《全员加速中》确认重启！现已发布猎人招募令
娱乐,2022日本电影概况：三部动画票房超百亿打破纪录
娱乐,不愧是赛博魅魔！郭帆几天前包场所有春节档电影
娱乐,2023央视春晚节目收视率top10 最高为圆桌脱口秀
娱乐,影迷评《满江红》：剧情反转惊艳 节奏行云流水
娱乐,影迷评《流浪地球2》：特效酷炫 情节感人
娱乐,影迷评《无名》：情节烧脑 演技在线
娱乐,影迷评《深海》：瑰丽璀璨 温暖治愈
娱乐,《满江红》票房破30亿 卖座同时争议声不绝于耳
娱乐,李一桐首次回应资源咖 称是听过比较离谱的谣言
娱乐,张学友《日出时让街灯安睡》用全新心境祝贺新年
娱乐,洗米华长子晒自拍笑容灿烂 开心度假无压力
娱乐,舒淇为林心如庆生称其“瘦星” 两姐妹托腮可爱
娱乐,宁财神回应《满江红》剧情巧合：八杆子挨不上
娱乐,华语电影《白塔之光》入围2023柏林电影节主竞赛
娱乐,带兄弟上春晚？再就业男团：收到“暗号”了！
娱乐,新浪观影团《流浪地球2》免费抢票
娱乐,新浪观影团《满江红》卢米埃影城免费抢票
娱乐,新浪观影团《深海》免费抢票
娱乐,新浪观影团《无名》卢米埃影城免费抢票
娱乐,张学友《日出时让街灯安睡》学会放下才能领悟
娱乐,《大兵小将的知识迷宫》以游戏框架科普微纪录片
娱乐,网络不是法外之地 黑粉登报郑重向喻言道歉
娱乐,上映第33天 《阿凡达2》内地票房突破15亿
娱乐,《熊出没·伴我“熊芯”》：欢乐感动 温暖治愈
娱乐,刘亦菲《花木兰》电影频道首播 收视率全频道第一
娱乐,何平导演治丧委员会颁布丧葬事宜 不开追悼会
娱乐,《中国奇谭》已在筹备第二季 为动漫IP提供新机会
娱乐,李珏导演程青松监制电影《洋子的困惑》入围平遥
娱乐,GAI周延：川渝之外，歌迷广东最多
娱乐,2023金球奖奖项揭晓:杨紫琼凯特布兰切特双摘影后
娱乐,多种形式节目扎堆 为何音乐综艺爆款越来越难见？
娱乐,新浪观影团《熊出没·伴我“熊芯”》首映抢票
娱乐,2023央视春晚完成第三次彩排 各行业普通人加入
娱乐,《我们的客栈》首播告捷 用真诚与真实打动观众
娱乐,华鼎奖欲创一流娱乐奖项 取消不到场不颁奖规定
娱乐,中央广播电视总台2023春晚吉祥物及文创产品发布
娱乐,著名京剧表演艺术家毕谷云去世 享年九十三岁
娱乐,郑爽律师发声 否认郑爽曾虐待或忽视孩子
娱乐,《最强大脑》十周年为观众写信：尽全力不负期望
娱乐,NCT官方发布公告 称楷灿因身体原因不参加行程
娱乐,LE SSERAFIM新单曲被选为日剧《三千日元》主题曲
娱乐,郎朗群访透露吉娜主持北京台春晚 两人共迎新春
娱乐,2023年新片单发布 TVB港剧谁能“出圈”？
娱乐,张子枫：“回来的女儿”是个心中有爱的野孩子
娱乐,《纵有疾风起》靳东人到中年“组团创业”
娱乐,《去有风的地方》刘亦菲李现踏上追寻自我之旅
娱乐,日本电影网站评选2022年最吸引人的演员和作品
娱乐,杨迪回应被说像人贩子 称帽子没选好小孩是外甥
娱乐,泰星Aump疑与富豪男友分手 疑似因为第三者介入
娱乐,第三届金榆花奖澳门揭晓 《人生大事》获最佳影片
娱乐,歌唱家斯兰现身2023央视跨年晚会演唱《故乡》
娱乐,华鼎奖世界青年电影短片大赛启动
娱乐,"著名""双字辈""滑稽表演艺术家李青去世 享年91岁"
娱乐,全力以赴打开更美未来 东方卫视跨年盛典即将开启
娱乐,《灌篮高手》连续四周夺冠 票房突破50亿日元
娱乐,日媒曝杰尼斯事务所税费漏报 共计约65亿日元
娱乐,《前任4》官宣开机 韩庚郑恺继续担任主演
娱乐,第三届澳涞坞-好莱坞颁奖季拉开序幕
娱乐,齐鲁晚报评《无限超越班》：给年轻人“立规矩”
娱乐,朱珠自曝结婚生子原因 称疫情让自己慢了下来
娱乐,电影《灌篮高手》获赞 业内人士称改编最忠实原著
娱乐,健身综艺《哎呀好身材4》 以新鲜切口释放力量
娱乐,酷我音乐ing场景音乐上线 打造可视可听沉浸体验
娱乐,韦恩斯坦被判三项性侵罪名成立 此前已被判刑23年
娱乐,首届澳涞坞五大洲电影节金莉花奖揭晓
娱乐,《喜剧大赛2》收官 某某某少爷和我获年度冠亚军
娱乐,全球视听科技论坛在洛杉矶举办
娱乐,好莱坞知名制片人们热议：看电影必须去影院吗？
娱乐,影迷评《阿凡达：水之道》：视效炸裂 美轮美奂
娱乐,赵樱子被骂后再次发博 告诫自己要有强大的心脏
娱乐,央华版《如梦之梦》北京站部分场次取消
娱乐,全球电影学院院长论坛举办 重磅嘉宾共话电影业
娱乐,于和伟透露抗原仍是两道杠：夕阳很美，我很沮丧
娱乐,中美文化产业峰会举办 呼吁中美加强影视合作
娱乐,老牌IP《妻子的浪漫旅行6》生发活力照亮婚姻
娱乐,杨迪回应照片被当护体符：口罩一定比表情包管用
娱乐,从被批到获赞？《灌篮高手》非常规宣传引发关注
娱乐,Netflix宣布拍摄《我的英雄学院》真人电影
娱乐,《无限超越班》网课直播 李一桐id竟是“你大姐”
娱乐,王海歌担任首届澳涞坞五大洲电影节评委会主席
娱乐,首届世界电影产业大会举行 众多电影大咖参加
娱乐,新海诚：十年间的想法都浓缩在《铃芽之旅》中
娱乐,连淮伟回归 《Mission Complete》开启事业新航线
娱乐,影迷评《名侦探柯南》：环环相扣 情怀满满
娱乐,DC《小丑2》开拍首发剧照 菲尼克斯回归出演小丑
娱乐,网友称期待胡夏唱《这些年》 胡夏：我没唱过
娱乐,李毓芬新歌《再见公主》发布 告别以往重塑自我
娱乐,李光洁：与赵丽颖上演一场“势均力敌的爱情”
娱乐,新浪观影团《阿凡达：水之道》3D全国三城抢票
娱乐,北青报评音综尴尬遇冷现状 下个风口或是慢综艺？
娱乐,金晨再发微博疑似回应 此前模仿卡塔尔王子引争议
娱乐,《时间的答卷2》收官 初雯雯救助河狸等野生动物
娱乐,松竹新浪潮代表导演之一吉田喜重去世 享年89岁
娱乐,首届世界电影产业大会将举办全球电影制片人论坛
娱乐,世界电影产业大会“八大议题”确定
娱乐,《城市猎人》曝北条司创作海报 沿用原版配音演员
娱乐,赵丽颖申请对侵权方限制消费 案由系名誉权纠纷
娱乐,先锋摇滚满天星乐队《黑色基因》首唱会上线
娱乐,第34届华鼎奖获奖名单:《杰伊·比姆》获最佳影片
娱乐,《龙马！新生网球王子》定档12月23日内地上映
娱乐,第34届华鼎奖公布评委会名单 王海歌任主席
娱乐,"《令人心动的offer》第四季 看""建""00后职场首秀"
娱乐,《再见爱人2》郭采洁谈画像是双向的钥匙
娱乐,日本导演崔洋一去世享年73岁 北野武等发言哀悼
娱乐,电影《走到尽头》翻拍日本版 冈田准一绫野刚出演
娱乐,世界电影产业大会举办在即 加州议长致信王海歌
娱乐,"《滚烫人生2》：限定“男人帮”,再讲烫人的故事"
娱乐,吉克隽逸妈妈熬夜看世界杯 感叹梅西进球太厉害
娱乐,香港即将推出首个男男恋爱综艺《仔仔一堂》
娱乐,新疆一小区发生火灾致10人死亡 迪丽热巴发文悼念
娱乐,首届澳涞坞五大洲电影节金莉花奖提名揭晓
娱乐,是枝裕和谈日韩电影业差距：日本还有许多要学的
娱乐,花儿乐队助阵周晓鸥 新歌《我们》唱出怀念
娱乐,齐鲁晚报评《再见爱人2》：亲密关系的必修课
娱乐,《闪耀吧！中华文明》收官 破译甲骨上的文明密码
娱乐,新丽出品《卿卿日常》爆火出圈 两人三餐温暖治愈
娱乐,世界电影产业大会发布会旗标识
娱乐,《在希望的田野上》陶思源: 综艺中感受温暖乡村
娱乐,于贞官宣加入氧气娱乐OXYGEN 全新作品进入筹备期
娱乐,第34届华鼎奖提名揭晓 四国影片角逐最佳
娱乐,"齐鲁晚报评《毛雪汪》：“榨菜综艺”,有滋有味"
娱乐,陈小春张智霖等回归 《大湾仔的夜2》开启美食季
娱乐,昆汀说现在是好莱坞最烂时代 透露自己最棒的电影
娱乐,《速激10》制作成本暴涨至3.4亿 比前部花费多70%
娱乐,“指人儿”乐队《不负晴日》乐动开场
娱乐,申元虎宣布下月入伍：有做准备不会让粉丝无聊
娱乐,国产医疗剧集视角更丰富
娱乐,古偶剧悄悄尝试“童话叙事”
娱乐,《点燃我，温暖你》：反类型化男主住在热搜里
娱乐,电视剧《我们这十年》研讨会举行
娱乐,蔡文静：这个角色打动我的是她的蜕变
娱乐,新浪观影团《名侦探柯南：万圣节的新娘》抢票
娱乐,《乐队的海边》开播 郑秀妍赵梦等上演音乐新旅程
娱乐,法医刘良：综艺让法医行业“破圈”
娱乐,曾与章子怡等同框 支行行长退休后当群演
娱乐,人民日报海外版评抗疫题材剧：要好看还要走心
娱乐,TVB公布2023片单 张达明出山监制 《状王之王》
娱乐,IXFORM组合解散 唐九洲成立个人工作室
娱乐,第35届中国电影金鸡奖获奖名单
娱乐,金鸡奖奖项：齐溪凭《奇迹·笨小孩》获最佳女配
娱乐,十月电视剧备案公示 《海上明珠》等小说影视化
娱乐,《超级装备》第二季：中国尖端装备的奇迹与梦想
娱乐,中国电影基金会第六期吴天明青年编剧研习班闭幕
娱乐,延伸原IP热度持续吸睛 “衍生综艺”越战越勇
娱乐,《摇滚狂花》：如果生活注定失败 我们该怎么办
娱乐,《边缘世界》科技替代人的最大BUG在于诗意的消失
娱乐,很遗憾 《剖析丑闻》让精英政客伏法的还是特权
娱乐,退休支行行长“群演”的幸福生活
娱乐,《底线》：现实温度的成功与伦理化策略的失灵
娱乐,北京卢米埃影城“2022意大利电影展”即将开幕
娱乐,第二届金榆花奖在澳门揭晓 张艺谋获最佳导演
娱乐,《时间的答卷》枪弹痕迹鉴定专家崔道植坚毅破案
娱乐,园子温发声明反驳“用假名偷偷复出”报道
娱乐,《雪落下的声音》直击人心 陆虎迎来又一春
娱乐,汪天云浅析《超级装备》第二季：科学精神的放飞
娱乐,《超级装备》重巧深 把“智造美学”焊在了每一帧
娱乐,原创音乐剧《画皮》北京首演 献上东方魔幻之夜
娱乐,第六期吴天明青年编剧研习班在莱芜开幕
娱乐,TXT成员姜太显感染新冠 其他成员检测均为阴性
娱乐,世界电影产业大会登美国权威《Variety》杂志封面
娱乐,《披荆斩棘》收官 全能唱演家族接续传承奋斗力量
娱乐,女佣起诉亚马逊创始人贝索斯：一天要工作14小时
娱乐,生活是脱口秀最可靠的源泉
娱乐,中岛裕翔时隔6年主演电影《窨井盖》 明年2月上映
娱乐,《时间的答卷2》支教教师夫妇为孩子架起知识云梯
娱乐,北京青年报评《脱口秀大会5》：继续探索继续进化
娱乐,第31届金鹰奖最佳电视综艺节目入围名单公布
娱乐,《叛逆者》获飞天奖 朱一龙称信仰让我们心中有光
娱乐,“写歌锦鲤”陆虎成功“再就业”
娱乐,被打差评的“好声音”路在何方
娱乐,ITZY将回归？新专辑发售日期意外公开引期待
娱乐,张光北追忆陆树铭：我们真的就是亲如兄弟
娱乐,导演王扶林曾透露“关羽”陆树铭险被换角
娱乐,北京青年报评《沸腾校园》：让我们共情了年轻人
娱乐,为传统经典增添青春色彩 《美好年华研习社》收官
娱乐,这档节目“大而美” 古籍因此“活起来”
娱乐,欢瑞租赁违约后讨要百万意向金 二审败诉
娱乐,用舞蹈“讲述”中国故事 《这！就是街舞5》收官
娱乐,于明加许圣楠主演话剧《渐入佳境》首轮演出收官
娱乐,《劳工之爱情》诞生百年 电影资料馆举行特别放映
娱乐,上译厂“跨行”录有声剧 四大名著今年将全部完成
娱乐,胆小内向的“梁格格”康可人 因为表演告别紧张
娱乐,《小满生活》杀青 秦昊蒋欣王鸥解读“人间真实”
娱乐,火起来的“小鲜综”不能只靠蹭热度
娱乐,《时间的答卷》第二季 三星堆旁三代考古人的接力
娱乐,浅野一二〇漫画《零落》改编电影 斋藤工等出演
娱乐,Gap发布最新声明：终止和Kanye合作
娱乐,《底线》成功塑造法助王姐 王一楠配角也出挑
娱乐,常远: 我还在期待喜剧的“神来之笔”
娱乐,多对CP二搭 别让荧屏情侣档引发观众审美疲劳
娱乐,《前海》导演刘雪松：梦想与成长比成功更重要
娱乐,《秘密森林》或将推出第三季 制作公司称在讨论中
娱乐,横滨流星分享新片拍摄感受 称太投入差点失去意识
娱乐,青年人为什么爱上脱口秀？
娱乐,林峯：抛开杂念 对得起自己就好
娱乐,《时间的答卷》第二季 聂海胜带观众回望飞天之路
娱乐,"《齐鲁晚报》评詹雯婷：灵魂歌者,归来仍是主场"
娱乐,艺术总监毛卫宁揭秘《我们这十年》创作密码
娱乐,评论：主旋律剧“平民史诗”霸屏
娱乐,评《我们这十年》之《前海》：希望永远动人
娱乐,评《我们这十年》：《唐宫夜宴》又回来了
娱乐,青春校园剧刮起喜剧风
娱乐,嘉宾压宝金钟奖得主 小S说最大对手是黄子佼
娱乐,《底线》：法治剧类型突破 主旋律题材剧的烟火气
娱乐,小演员在角色中不断成长
娱乐,新剧角色有些“离经叛道” 姚晨的大女主味道变了
娱乐,从《三悦有了新工作》看用户圈层
娱乐,《三悦》导演李漠：用平静的心态谈论“生死”
娱乐,蔡文静：诠释新时代法官须把握“分寸感”
娱乐,《底线》导演：法治剧要拍出法官真实烟火气
娱乐,《唐宫夜宴》编剧揭秘“唐宫小姐姐”诞生幕后
娱乐,刘雪松：《前海》打动人的不是成功而是希望
娱乐,《最后生还者》剧版曝预告 佩德罗·帕斯卡领衔
娱乐,《披荆斩棘》民谣诗人马頔：甘愿投奔市井生活
娱乐,时隔六年开嗓？蕾哈娜将为《黑豹2》献唱2首新歌
娱乐,吴卓羲：认真做演员，轻松做自己
娱乐,“碧梨”新恋情曝光 男友为31岁歌手杰西卢瑟福
娱乐,《时间的答卷》展现奋斗者号总设计师叶聪的梦想
娱乐,国庆档影片正能量汇聚 《万里归途》满意度领跑
娱乐,王家卫《繁花》还在拍 网友：胡歌从30多拍到40了
娱乐,《这十年·追光之夜》：以时间为轴追光祖国发展
娱乐,《美国偶像》亚军史彭斯因车祸去世 享年23岁
娱乐,《幸福中国》首播 跨越千年看遍今日幸福中国
娱乐,lulu被影射双面人 黄子佼出面为lulu发声
娱乐,《时间的答卷2》定档 讲述榜样人物的追梦故事
娱乐,霉霉2023巡演或将于11月开始售票 规模盛大受期待
娱乐,电影《如果爱就表白》开机 展现大理风土人情
娱乐,《闪耀吧！中华文明》：用新的表达方式讲新故事
娱乐,总导演独家揭秘《2022重阳奇妙游》“小心机”
娱乐,曝《四月间事》将影视化 改编自尾鱼小说
娱乐,谢泽成郭耘奇：爆笑的东西一觉醒来可能不好笑了
娱乐,置身六大文明考古现场 陈坤直言三星堆超出想象
娱乐,音乐人77Ke柯棨棋创作并演唱《Take It Away》
娱乐,布兰妮发文回应母亲的道歉：收回你的道歉
娱乐,万里归途背后是祖国对海外侨胞安全的念兹在兹
娱乐,许玮甯自曝胸部曾长肿块 拍X光痛到哭出来
娱乐,吴慷仁幽默分享被虎头蜂蛰经历 已被送往医院治疗
娱乐,黄圣依主演话剧《让我牵着你的手》上海开演
娱乐,任天堂影业成立：拥有105名员工 11月开放招聘
娱乐,罗永浩发文评《脱口秀5》 为优秀选手淘汰叹可惜
娱乐,韦礼安婚后首露面！曝求婚细节逼哭老婆
娱乐,影迷评《万里归途》：震撼感动 扣人心弦
娱乐,致敬英雄！网络电影《特级英雄黄继光》今日上线
娱乐,《人猿泰山》将拍新版电影 迎合21世纪观众审美
娱乐,崔娃Trevor Noah最新宣布将离开《每日秀》
娱乐,《沸腾校园》：以舞蹈为介质，呈现青年人另一面
娱乐,影迷评《平凡英雄》：真情实感 打动人心
娱乐,影迷评《钢铁意志》：真情演绎 深入人心
娱乐,俄罗斯电影佳片大赏揭幕 将展映《太空救援》等片
娱乐,近三月电影观众满意度达84.7分 《独行月球》领先
娱乐,新浪观影团《平凡英雄》首映主创见面会抢票
娱乐,新浪观影团《万里归途》UME影城免费抢票
娱乐,新浪观影团《钢铁意志》首映主创见面会免费抢票
娱乐,新浪观影团《长空之王》卢米埃影城免费抢票
娱乐,脱口秀大会因为保守所以退步？
娱乐,星海音乐学院音乐剧《殷红木棉》广州大剧院上演
娱乐,陈奕迅12月重临红馆跨年开唱 门票将公开发售
娱乐,大卫·哈伯主演《GT赛车》 尼尔·布洛姆坎普执导
娱乐,米高梅拿下《养蜂人》发行权 杰森·斯坦森主演
娱乐,2022猎鹰计划文化润疆短片创作季在京启动
娱乐,《光环》真人剧集第二季开拍 吸血鬼日记男星加盟
娱乐,《与爱共舞》发布预告 聚焦惠特妮·休斯顿生平
娱乐,“爱情代餐”成观众刚需 20档恋综挤爆综艺新赛道
娱乐,澳涞坞论坛：电影人纵论如何拓展国产片题材类型
娱乐,2022中国电影美学年会在线上顺利召开
娱乐,《东八区的先生们》差评如潮暴露了什么
娱乐,新剧角色油腻 某演员的“霸总情结”令人反感
娱乐,利用大数据找出渣男？律师:影视照进现实须谨慎
娱乐,《麓山之歌》焦俊艳:中国女工小小人儿大大力量
娱乐,豆瓣2.2 谁该为烂剧《东八区的先生们》负责？
娱乐,《披荆斩棘》任贤齐苏有朋林峯回忆阿嬷泪目
娱乐,《星星的约定》开播 Twins王心凌大理洱海骑行
娱乐,《打工不如打电话》程璐赵晓卉疏解打工人情绪
娱乐,脱口秀新人毛豆炸场：我可讲的“破事儿”特别多
娱乐,张晓涵中秋登《戏宇宙》 《惊世鸿图》唱一腔抱负
娱乐,戚琦俞灏明献唱《古韵新声》 祝福中秋佳节
娱乐,音乐剧《殷红木棉》9月19、20日在广州大剧院将演
娱乐,影迷评《还是觉得你最好》：笑中带泪 港味十足
娱乐,后街男孩将发行一张圣诞专辑 目前先行曲先行曲
娱乐,影迷评《世间有她》：真情实感 贴近生活
娱乐,影迷评《妈妈！》：演技精湛 感人至深
娱乐,Mirror演唱会受伤伴舞首发声:安然面对长期治疗
娱乐,王阳回应出演中国版《鬼怪》:别拿我开玩笑了
娱乐,第33届华鼎奖荣誉揭晓：《爱情神话》获最佳影片
娱乐,新浪观影团《还是觉得你最好》UME影城免费抢票
娱乐,《西出玉门》倪妮白宇联合声明 共同抵制恶意造谣
娱乐,浙江卫视公布《隐秘的高手》等新节目拟邀阵容
娱乐,网飞将重启《天线宝宝》 将于11月14日上线
娱乐,齐鲁晚报评慢综艺：类型泛化　追求自然
娱乐,韩喜剧片《六合彩》票房十天连冠 《狩猎》排第二
娱乐,第33届华鼎奖终身成就奖揭晓 导演肖桂云获奖
娱乐,王心凌晒雨中伞下生日照 许愿所有人健康平安
娱乐,任嘉伦回应cos玲娜贝儿 直言不认识一心做实验
娱乐,新浪观影团《妈妈！》卢米埃影城抢票
娱乐,新浪观影团《世间有她》卢米埃影城抢票
娱乐,高艳津子表示北京现代舞团永不解散 姜文等同见证
娱乐,电影《一片绿洲》开机 一老一少开启自我救赎之旅
娱乐,《披荆斩棘》一公舞台来袭 杜德伟再现经典造型
军事,日本外相证实：北约拟在日本开设联络处 细节还未定
军事,美太空公司：中国航天器可捕捉对接卫星 还能摧毁它
军事,日本自卫队考虑允许招募文身者 有民众对此表示担忧
军事,要介入台海？北约秘书长：是欧洲组织 只保卫成员国
军事,美国强烈鼓励邀台湾地区参与世卫大会 中方坚决反对
军事,首场主场外交大戏，受邀的为何是中亚五国？
军事,韩国将派遣福岛核污染水排海考察团 在日停留4天以上
军事,对抗中国？美国宣布正式在汤加开设大使馆
军事,台中捷运遭吊车砸中：车厢被铁架刺穿 已致一人身亡
军事,中新（西兰）两军举行第11次战略对话
军事,英国核专家批日本排污入海计划：违反国际法
军事,泽连斯基抨击欧盟限制乌克兰粮食出口：绝对不可接受
军事,多个西方国家就美枪支暴力发出旅行警告：旅行要小心
军事,韩国最新民调：尹锡悦就职一周年，施政差评率60%
军事,巴媒：巴基斯坦前总理伊姆兰·汗被捕
军事,俄驻美大使指责美国阻挠二战老兵赴俄庆祝胜利日
军事,白宫：美国对叙利亚单边制裁将再延长一年
军事,因内部分歧 欧盟近期或无法就新一轮对俄制裁达成一致
军事,印度空军一战机训练中坠入村庄 致3名村民在家中死亡
军事,基辛格：中国加入后 俄乌谈判年底前将迎来关键时刻
军事,和中国竞争？美国被曝要在中东修铁路
军事,第一共和银行被接管 是美国“银行倒闭史”上第二大
军事,俄罗斯布良斯克州发生爆炸 一货运列车脱轨
军事,美墨边境移民激增 得州不堪重负
军事,韩国在野党成员登上独岛：谴责政府“屈辱外交”
军事,菲总统启程访美：将优先事项是寻求扩大“经济接触”
军事,立陶宛总统：在俄乌冲突结束前 乌克兰无法加入北约
军事,大连湾海底隧道今天正式通车 城市快速路连接南北城区
军事,美国芝加哥周末多地发生枪击案 造成18人中枪3人死亡
军事,美民调:八成民众不满国家现状 多数人对发展前景悲观
军事,特朗普被曝将在这一关键州集会 与德桑蒂斯隔空对阵
军事,巴基斯坦驻华大使感谢中方帮助巴侨民从苏丹平安撤离
军事,默克尔称尽力阻止俄乌发生冲突 乌高官不满：找借口
军事,日媒：福岛第一核电站地下高辐射性沙袋处理或成难题
军事,尹锡悦访美引发舆论 朝中社：仰美国鼻息、丑态百出
军事,菲律宾总统访美见拜登 美官员放风：将达成两项协议
军事,一运砂船在菲海域倾覆：12名中国船员获救 2人遇难
军事,乌克兰喊话欧盟：明年起码再援助180亿欧元！
军事,英核潜艇机密现身酒吧厕所？英军：不含机密 正调查
军事,国防部：中新将举行“中新合作-2023”海上联合演习
军事,美尼米兹号航母重回南海引猜测，专家：为军演看场子
军事,美军无人机中东发现不明飞行物：银色球体呈半透明状
军事,巴拉圭总统候选人谈与台湾交往 吴钊燮又“困扰”了
军事,商务部证实上周美商务部官员到访北京
军事,土内政部长:全世界都讨厌美国 欧洲是美国车队的骡子
军事,巴基斯坦：已下单首笔廉价俄油 未来每天进口10万桶
军事,美纽约市长抨击白宫移民政策 称移民正遭受剥削虐待
军事,美退役卫星在乌克兰基辅坠落？NASA否认：卫星仍在轨
军事,俄派“间谍船”在北海“破坏基础设施”？克宫驳斥
军事,中非找到中国公民遇袭事件的凶手，外交部回应：严惩
军事,汪文斌：中国南极站的建设符合国际规则 不必要关切
军事,外交部回应尹锡悦言论:台湾问题不容他人置喙
军事,日本国会收到炸弹威胁称21日下午1时34分开始大屠杀
军事,海南三沙海警局查获非法捕捞渔获物320000余斤
军事,美国一周发生3起由误会引发的枪击案 引发美民众恐慌
军事,台北101大楼遭雷击瞬间：紫光乍现照亮全城 民众惊叹
军事,俄副外长：去美元化是一种趋势 近些年开始加速
军事,也门萨那踩踏事件已致至少80人死亡 涉事商人被逮捕
军事,五角大楼官员报告发现UFO飞越中东上空 又扯上中俄
军事,普京建议：“少先队”回归俄罗斯 没有意识形态色彩
军事,"台湾17岁少年街头扫射42枪：投案后仅称""心情不好"""
军事,马斯克：美增加军费预算 最快方法就是摆出个外星人
军事,菲律宾外长：美国不能在菲存放“防卫台湾”的武器
军事,苏丹首都突发武装冲突 中国使馆提醒中国公民避免外出
军事,俄今春征召2.1万人 首批新兵4月20日起前往境内驻地
军事,你拍的可能不只是一张风景照！
军事,岸田文雄道歉：让很多人担心 给他们带来麻烦
军事,特朗普：美元不再是世界标准 将是美200年来最大失败
军事,福岛第一核电站1号机组反应堆压力容器底部或现穿孔
军事,新一代雷达首秀世界雷达博览会，反隐身体系拼图进一步完善
军事,波媒：法国正阻止欧盟出资20亿欧元为乌供应弹药决定
军事,美媒：美国绝密文件泄露源头或在五角大楼之外
军事,韩在野党党首：难排除美国监听 属实将敦促美方道歉
军事,美防长首谈泄密事件：机密文件泄露一个多月后才知道
军事,外媒:涉多国机密情报文件曝光网络 泄密者或来自美国
军事,成千上万人逃离俄勒冈州:恐惧枪支暴力 不满政府措施
军事,美芝加哥“暴力周末”致至少13人中枪 2名青少年死亡
军事,外媒称山东舰开启首次远海训练 专家：只是水到渠成
军事,泽连斯基承认：有下令巴赫穆特守军撤离的可能性
军事,波兰总统宣布:已向乌转交8架米格战机 将会再交付6架
军事,澳大利亚总理：还没有收到访华邀请 若收到将会接收
军事,普京向17位新任驻俄大使讲话 这话单独说给美国大使
军事,俄方宣布：已向白俄移交可进行核打击的战术导弹系统
军事,我驻塞尔维亚使馆深切缅怀北约轰炸中牺牲的三位烈士
军事,"美数百""卧底""警察资料遭泄露:恐威胁生命 政府被起诉"
军事,东部战区发布追思海报 台湾岛地图高亮融入中国全图
军事,美军招募难放宽限制 数百万肥胖年轻人或有资格入伍
军事,特朗普又预告“自首”行程：周二早上去法院
军事,沙伊两国外长再次通电话：同意未来数天内会面
军事,美记者：刑事起诉让特朗普非常愤怒 其团队措手不及
军事,俄“瓦格纳”宣布：俄国旗已在巴赫穆特市政大楼升起
军事,美驻土大使访问反对党总统候选人 遭到埃尔多安抨击
军事,狂烧20小时！韩媒：韩首尔仁王山山火扑灭率98%
军事,"白宫发布""剪映""制作视频 背景乐为TikTok模板附带音乐"
军事,日媒称日方希望韩国恢复进口福岛海产品 遭韩方拒绝
军事,美军黑鹰直升机相撞坠毁：隶属101空降师 现场曝光
军事,德国前军官：军事支持乌克兰会延长冲突
军事,普京宣布将在白俄罗斯部署核武 五角大楼、白宫回应
军事,洪都拉斯宣布与台湾“断交” 美媒：这是美国的挫败
军事,美在叙非法驻军军事基地突发爆炸 美军飞机上空盘旋
军事,欧洲各国领导人正争相访华：“我们不能失去中国”
军事,美军第二艘福特级航母“肯尼迪”号交付推迟至2025年
军事,外交部：美国阻挠别国劝和促谈的努力，用心何在？
军事,中国警方成功引渡一嫌疑人：杀害民警，逃俄27年！
军事,国防部新闻发言人就美舰擅闯中国西沙领海发表谈话
军事,外媒：沙特与叙利亚11年来首次对话 将恢复领事服务
军事,美重返教科文组织？外交部：望其初衷是承担国际责任
军事,"俄媒：联合国安理会将表决有关""北溪""事件的决议草案"
军事,蒙古国总理谈AUKUS 中方：希望有关国家摒弃冷战思维
军事,美方想重新进联合国教科文组织 中方表态
军事,美诋毁中俄联合声明 我外交部反呛：美国用心何在？
军事,沙特与叙利亚近期近期重启两国大使馆 中方欢迎
军事,柬首相称不会同他国结伙遏制打压另一国家 中方回应
军事,"特朗普称如被起诉或将""引发死亡"" 被指为引怒支持者"
军事,汇聚高精尖，“雷达天团”将集中亮相第十届世界雷达博览会
军事,伊朗西北部5.6级地震 我使馆：暂无中国公民伤亡报告
军事,首架在我国完成总装的空客A321飞机正式交付
军事,“鹰”式装甲车现身俄乌冲突前线 瑞士政府开始调查
军事,西部陆海新通道首列新能源汽车铁海联运班列抵达钦州
军事,见拜登前 特鲁多猛提中国：要进行接触、竞争和对抗
军事,日本排污入海临近 韩增加设备人力检测海洋放射性物质
军事,驻洛杉矶总领馆：一名中国学者在加拿大火灾中失踪
军事,美国防部证实：是拜登授权美军对叙利亚东部进行空袭
军事,美国一高中生枪击2名教职工后逃跑 疑其遗体已被发现
军事,日媒：日本黑帮高龄化倾向明显 半数成员为50岁以上
军事,所罗门群岛旧港翻修 中企拿下数百万美元合同
军事,韩议员学者抗议“屈辱外交” 谴责韩美日新冷战图谋
军事,美议员提案：禁止国会成员及家属持有交易股票
军事,岸田抵达基辅当天 俄战轰在日本海中立海域定期巡逻
军事,美媒:美国不应在20年前入侵伊拉克 战争成伊民众噩梦
军事,美国女作家对特朗普提起诽谤诉讼案 被无限期推迟审理
军事,惊心动魄！美国洛杉矶一盗车贼试图踩滑板逃离追捕
军事,“这是陷阱！”特朗普这次鼓动的抗议，可能要凉？
军事,中国特使已在执行新任务：推动巴以和平进程重启
军事,国防部：中伊俄等国海军将举行海上联合军事演习
军事,厄瓜多尔与阿根廷互相驱逐对方大使
军事,韩国旅游业急招人手迎接中国游客 还推花式促销活动
军事,纽约5小时内发生3起校园枪击事件 2名青少年受伤
军事,澳前总理批澳购买核潜艇:一味迎合美国意愿 成为附庸
军事,国台办：海关总署恢复台湾地区冰鲜白带鱼、冻竹荚鱼输入
军事,中沙伊联合声明后 这国宣布恢复与伊朗的外交关系
军事,硅谷银行破产引关注 美财长：美国政府不会提供救助
军事,伊朗军官：伊沙协议是美衰落标志 符合西亚地区利益
军事,亲乌团体破坏北溪？乌外长称要就此找布林肯等人谈谈
军事,港府强烈不满坚决反对欧盟对外行动署发言人涉港言论
军事,英政府报告将首提“大陆对台威胁” 被指在迎合美国
军事,日外相将首次访问三岛国 日媒又渲染“对抗中国”
军事,伊朗和沙特阿拉伯恢复外交关系 将可能会影响这七国
军事,泰国国王小女儿将获少将军衔 时装设计师出身
军事,美国空军一架B52轰炸机对俄圣彼得堡市进行模拟打击
军事,中东宿敌在北京握手，这张照片意味深长
军事,车篮里鸡蛋被偷 岛内网友：真不敢相信，这是台湾！
军事,应邀演讲遭斯坦福数百名法学生辱骂起哄 美法官爆粗
军事,美驻菲大使称南海联合巡航系确保航道自由 我使馆回应
军事,英国首相将抵美国 推进与澳大利亚的三方核潜艇协议
军事,突发！堤坝决口，美国加州数千人被要求疏散
军事,李家超：国歌代表国家尊严 对违规行为会予以严惩
军事,叙利亚多地遭以色列空袭 已致3名士兵受伤
军事,台媒：不仅鸡蛋价格上涨 岛内生猪交易价格也创新高
军事,也门政治人士：沙伊恢复外交关系给也门和平带来希望
军事,日本“3·11”大地震12周年 福岛核事故阴影仍未消散
军事,第一批“爱国者”防空系统到货了？波兰迅速否认！
军事,美国商务部部长雷蒙多称今年想访华 中方回应
军事,"克宫：炒""北溪""事件新料系""恐袭""制造者想转移注意力"
军事,泽连斯基：如俄控制巴赫穆特将打通攻占乌东城市道路
军事,日第4艘最上级护卫舰服役 同型产量缩减10艘转造新舰
军事,外媒：乌克兰否认参与袭击白俄罗斯机场
军事,韩公布对日本二战强征劳工赔偿方案 尹锡悦再次表态
军事,台军已经饿得在沙滩求救了 台军方“关切”：删文
军事,俄方喊话联合国：制止美国拒绝向俄代表发放签证行为
军事,美议员曝：乌寻求美提供MK-20集束炸弹 促向白宫施压
军事,日本购美军无人机无一交付 却花了三千亿维护？
军事,苏纳克：英国将禁止非法抵达者逗留
军事,英国近80名男性警官被处分 原因让人作呕
军事,俄别尔哥罗德州一地区防空系统启动 击落3枚导弹
军事,巴赫穆特乌军要撤退了？乌军否认：还会坚守
军事,亚洲制造业增速加快 2月亚洲制造业PMI升至51.9%
军事,德企要在乌建坦克厂？梅德韦杰夫：将用导弹“祝贺”
军事,韩国公布二战劳工问题赔偿方案：第三方代偿
军事,美国费城暴力周末致6人死亡 14岁男孩胸部中枪身亡
军事,日本高官：不解决出生率下降问题 日本恐将不复存在
军事,美国数百学生集会抗议枪支暴力：呼吁加强控枪
军事,奥地利民众示威游行 反对北约向乌输送武器
军事,南非官员：必须彻查“北溪”事件真相 揪出幕后黑手
军事,美金融机构报告:俄石油产量将在今年6月恢复正常水平
军事,乌方称关于扎波罗热核电站的谈判处于停滞状态
军事,世界肥胖联合会：全球一半人口2035年可能超重
军事,美议员抹黑中阿关系 阿根廷驻美大使听不下去了
军事,一省长遭到不明身份枪手袭击身亡被枪杀 菲总统发声
军事,西红柿只能买三个 英国遭遇“果蔬荒”
军事,俄方“深表关切” 塞尔维亚回应:未向乌克兰提供弹药
军事,这不是玩具：澳“纸板无人机”投入乌克兰战场
军事,德汽车技术供应商：中国自动驾驶技术快速发展
军事,德国已请求瑞士向其出售部分封存的“豹2”主战坦克
军事,涉嫌大选期间向特朗普泄拜登竞选广告 默多克被起诉
军事,再次延期 日本新型火箭H3重新发射时间推迟至3月7日
军事,英媒发文章：狭隘保守的印度出口商难以接替中国位置
军事,墨西哥新国际机场货运业务启动 水门礼迎接中国航班
军事,震惊全美！与8名警局同事发生性丑闻 她回应称被胁迫
军事,德总理与拜登会晤 乌克兰战争是首要议题或谈及中国
军事,王超:中国国防费低于世界平均水平 增长幅度适度合理
军事,今天，“新面孔”王超是谁？
军事,全国人大发言人谈中国外交：中国的核心利益不容损害
军事,"西摩·赫什：完全知晓破坏""北溪""行动内幕的人数有限"
军事,朔尔茨访美就这件大事摸底：美政府向乌提供多久援助
军事,日本突然声称多出7000余小岛 背后暗含海洋领土算计
军事,国防部回应美新一轮对台军售：我军严阵以待随时回击
军事,俄称一无人机莫斯科地区坠毁 或为袭击民用基础设施
军事,中国驻日本大使孔铉佑离任回国
军事,日自卫队处理废弃子弹时发生废弹破裂事故 警方介入
军事,她突访基辅，泼了盆冷水？没收更多俄资产存法律障碍
军事,俄石油管道运输公司回应:费用未付 停止向波兰供原油
军事,普京签令，授予好莱坞影星西格尔俄罗斯“友谊勋章”
军事,我国自研空间站双光子显微镜首获航天员皮肤三维图像
军事,俄军最重要的A-50预警机遇袭？西方担心白俄卷入冲突
军事,20亿美元！美国最新宣布新一轮对乌克兰军事援助计划
军事,投资400亿美元去美国建厂？这家台企尴尬了……
军事,中方此时发布涉乌立场文件，传递什么信号？
军事,当着各国领导人的面 拜登撒谎：忽略入侵伊拉克事实
军事,美公布俄亥俄列车脱轨事故初步调查报告：可100%避免
军事,美国宣布对俄22名个人和83个法人实体实施限制措施
军事,乌克兰废除与俄签署的亚速海和刻赤海峡合作使用条约
军事,波兰总统证实：第一批“豹2”主战坦克已抵达乌克兰
军事,国台办：民进党政客一再为否认“九二共识”寻找借口
军事,美国这个“看不见的问题”触目惊心！
军事,梅德韦杰夫表态：尽可能推离威胁 哪怕是到波兰边境
军事,台媒：台湾高雄一渔船印度洋失联，船上16人生死未卜
军事,韩媒：韩国国会将于27日表决是否同意拘留李在明
军事,美国副国务卿：美国不打算停止向乌克兰提供武器装备
军事,美记者爆料：为确保欧洲支持北约 拜登下令炸毁管道
军事,"陆军应邀赴奥参加""雪绒花突击-2023""国际山地步兵比赛"
军事,"中国智库研究报告：西方军援乌克兰""掺水"" 美为洗钱"
军事,"美""毒列车""废物将运至千里外处理 民众担忧再出危险"
军事,L15将出口阿联酋 与运20“鹘鹰”亮相阿布扎比防务展
军事,日本防卫省：致力于与中方建立直接的安全沟通渠道
军事,泽连斯基称没看普京国情咨文 “因赫尔松正遭袭击”
军事,俄方：没提前通知美方 暂停履约决定并非不可逆转
军事,中方代表：不能让“北溪”管道被破坏责任者为所欲为
军事,美议员敦促增加对台军援助 国台办：挑动台海局势
军事,韩国：3月1日起，中国旅客入境后无需再接受核酸检测
军事,俄代表：欧洲对北溪的调查是在消灭罪证袒护美国大哥
军事,美官员曝：拜登访基辅俄试射“萨尔马特”弹道导弹
军事,法国近半数成年人口体重超标 低收入人口肥胖率更高
军事,英首相反对改动 英童书删除“丑陋”“肥胖”引争议
军事,拜登发表俄乌冲突一周年讲话:不寻求控制或摧毁俄罗斯
军事,联合国官员：土叙两国地震灾民迫切需要庇护场所
军事,美专家：美国政府处理化学品泄漏事件不透明
军事,因国内矛盾被美大使警告后 以色列怒怼：少管闲事
军事,瑞典学者：破坏“北溪”管道是美国开展的“经济战”
军事,美国火车脱轨事故现场挖掘出大量受污染土壤和水
军事,拜登再发声：感谢波兰“坚定不移”支持乌克兰
军事,土耳其强震已造成该国42310人死亡
军事,普京暂停参与《新削减战略武器条约》 布林肯回应
军事,中俄战略安全磋商机制双方牵头人举行会晤
军事,马克龙：法国官方将继续推动退休制度改革
军事,印度专家：西方保持沉默 破坏“北溪”真相不言自明
军事,安倍侄子在竞选主页晒家谱图被批：除了家世还剩什么
军事,法媒：乌克兰军队在切尔诺贝利核电站禁区训练
军事,外媒：乌克兰实际收到的财政援助不到西方承诺的一半
军事,安理会同意了就北溪天然气管道被炸事件召开会议
军事,海南昌江：“华龙一号”核电3号机组内穹顶吊装成功
军事,泽连斯基感谢意大利 称他正在乌克兰等待梅洛尼到来
军事,南非驻华大使：已邀普京出席今年金砖国家领导人会晤
军事,英媒：阿黛尔、艾德希兰不出席查尔斯三世加冕音乐会
军事,"外媒：拜登坐火车入境波兰 换乘""空军一号""抵达华沙"
军事,美媒：俄电视节目谈论“为什么不在基辅炸拜登？”
军事,美国俄亥俄州一工厂爆炸致多人受伤 现场冒出黑烟
军事,美列车事故现场挖近7吨受污染土壤 超400万升污染水
军事,安理会举行朝核问题公开会 中国代表阐述立场
军事,德经济研究所所长：俄乌冲突让德去年损失1000亿欧元
军事,人民日报钟声:美国霸权霸道霸凌行径严重危害世界
军事,大熊猫陆续回国 驻日本使馆：感谢最萌“友好使者”
军事,发射1小时后朝鲜公布消息 日韩媒体都说“罕见”！
军事,美国多名飞行员发现一个大型白色气球 在夏威夷以东
军事,外交部发布：王毅同美国国务卿布林肯非正式接触
军事,日本民众与熊猫香香道别 众多抽签落选粉丝含泪祝福
军事,马克龙：有些人想“击垮俄罗斯” 这不是法国立场
军事,乌克兰延长战时状态 中国使馆提醒国内人员暂勿来乌
军事,菲媒：菲律宾一架飞机早上起飞后失联
军事,欧盟成员国达成共识 同意逐步取消对中国旅客防疫限制
军事,消息人士：特朗普下周将前往俄亥俄列车脱轨事发地
军事,美田纳西州警察暴力执法案开庭 5名涉案警察均不认罪
军事,泰国前副总理：美国是炸毁“北溪”管道的最大嫌疑人
军事,韩媒：韩最大在野党党首李在明国会逮捕同意流程启动
军事,美众议院监督委员会对拜登政府从阿富汗撤军发起调查
军事,英国多行业持续罢工 谈判进展缓慢
军事,美俄亥俄州脱轨火车车厢闯进居民后院 至今无人接管
军事,大陆剧集在台人气“狂飙”：有人盛赞演技
军事,被曝11年前接受性招待丑闻 赖清德旧将陈宗彦辞职
军事,拜登下周访波兰不会前往乌克兰 也不与泽连斯基会面
军事,德国多个机场举行罢工 航运受严重影响
军事,土耳其大地震数百万人流离失所 灾民睡单薄帐篷
军事,美国一小镇一天内接连发生枪击案 共致6死1伤
军事,突发！巴基斯坦警察部门大楼遭恐袭
军事,朔尔茨会见王毅：尽早启动下一轮政府磋商
军事,俄方要求美公布“北溪”天然气管道爆炸相关信息
军事,美军在叙利亚击毙一名极端组织“伊斯兰国”高级头目
军事,土耳其副总统发表声明介绍地震救灾工作进展
军事,普京批准俄气收购壳牌公司在两家合资企业中的股份
军事,等不及！日本防卫相提议用2023年预算从美购战斧导弹
军事,美客机突然俯冲险坠太平洋 美方展开调查
军事,香港特区救援队发布搜救犬在土工作照 市民留言打气
军事,中方干预加联邦大选？中国驻多伦多总领馆：子虚乌有
军事,荷兰一博物馆的中国瓷器遭窃：7件损坏，4件不知所踪
军事,玻利维亚囚犯装羊越狱失败:披羊毛外套 四肢着地逃跑
军事,中国援土耳其抗震救灾物资快速通关 启运伊斯坦布尔
军事,俄安全局局长：已针对乌“恐袭威胁”加强防范
军事,白宫：被美击落3个飞行物与中国无关 用于商业或研究
军事,美方炒作：后三个击落的“比之前的中国飞艇小得多”
军事,美军“尼米兹”号与“马金岛”号编队在南海联合演练
军事,意前总理贝卢斯科尼：若我还在任 不会去见泽连斯基
军事,美军高级将领回应击落不明飞行物：尚未排除外星物体
军事,安倍枪击案搜查工作将结束 山上彻也将以数罪被起诉
军事,耶鲁大学日籍教授曾建议老人集体自杀应对老龄化问题
军事,俄外长：美官员基本承认炸毁“北溪” 甚至津津乐道
军事,土耳其抓捕对震区劣质建筑负有责任的承包商和工程师
军事,西班牙数十万民众游行 抗议削减公共医疗开支
军事,卡塔尔向土叙提供集装箱房赈灾 曾为世界杯临时住所
军事,拜登政府又被曝光或禁止美企对华“敏感行业”投资
军事,“北溪爆料”后 美国几乎没有媒体愿意谈论这事
军事,人民日报钟声：自我粉饰难掩美式霸权的危害
军事,拉夫罗夫：“美官员事实上承认，是美国干的”
军事,波兰称F16自己也不够 是否向乌提供需要北约联合决策
军事,地震恐致土耳其经济损失达840亿美元 约占GDP的10%
军事,朝鲜军队进行了一项重要改制：各级部队也改制了军旗
军事,外媒：土叙两国强震后灾区墓地满员 遇难者无处安放
军事,北美上空的政治行为艺术是拙劣的
军事,英媒：向乌大量供武 英国弹药库存堪忧或几小时耗光
军事,亚美尼亚和土耳其重启陆路口岸运送人道救援物资
军事,"美加连续两天击落""不明飞行物"" 加防长拒绝猜测来源"
军事,土耳其一建筑设计师外逃被捕 经手大楼震中完全倒塌
军事,美国2021年自杀率上升至4年来最高水平 少数族裔尤甚
军事,大地震天灾无情 美国不愿放弃对叙利亚制裁更无情
军事,土耳其大地震 一排球队16人不幸全部遇难
军事,美国一架客机起飞后紧急降落：引擎喷火发出巨大噪音
军事,人民日报钟声：民主不应是美国搞霸权霸道霸凌的工具
军事,美国前副总统彭斯住所内检获另一份机密文件
军事,国台办：由于民进党当局阻挡，大陆吊唁星云法师代表团无法赴台
军事,美国升级“芯片战”重创全球半导体产业
军事,美国战机击落了一个漂浮在阿拉斯加上空的不明物体
军事,首个！俄军“终结者”被“终结”了
军事,土耳其总统：政府将向地震灾民提供一年的租金支持
军事,叙外交部：美国所谓“暂时冻结制裁”是虚伪的行为
军事,影响俄乌冲突进程的关键装备：谁在主宰乌克兰天空？
军事,加媒:美边防人员收取报酬 违规运送移民至加拿大境内
军事,俄外交部：若美国在亚太地区部署陆基导弹 俄将回应
军事,伊朗说以色列雇佣兵参与对伊无人机袭击
军事,美国共和党加紧调查拜登亲属 要求提交拜登儿子资料
军事,俄外交部：和日本将不再讨论有关签署和平条约议题
军事,G7或制裁中伊朝企业？外交部：将采取一切必要措施
军事,神十五乘组将择机出舱活动 期待“感觉良好”
军事,泽连斯基访欧索要战机：英法回应积极、德国保持谨慎
军事,土耳其灾害应急管理局:7.7级地震后共发生1117次地震
军事,拜登国情咨文演讲前 第一夫人与第二先生却成了焦点
军事,大炮坦克送完，该战机了？布林肯未明确排除可能性
军事,白宫否认“美国摧毁北溪管道” 斯诺登连发多推回应
军事,埃尔多安承认救灾不力：但不可能为如此大灾做好准备
军事,美国财长耶伦称仍希望访华 与中国加强沟通非常重要
军事,朝鲜举行阅兵纪念人民军建军75周年 展示多型新武器
军事,现场视频！中国救援队从废墟中救出一名孕妇
军事,法德乌举行联合记者会 朔尔茨向泽连斯基保证继续援乌
军事,台军曝无人机型号被嘲讽：还不如大陆快递货运无人机
军事,"马克龙呼吁召开和平会议 同时宣称""俄罗斯绝不能赢"""
军事,努力保护17小时 这对叙利亚姐弟的照片在外网刷屏了
军事,“近代以来最恶劣”！英警察犯下49项强奸罪被判无期
军事,金正恩偕女儿访问朝鲜人民军将领宿舍
军事,中国海军南宁舰将参加“和平-23”多国海军联合演习
军事,中国救援队已经抵达土耳其 将开展国际救援
军事,俄要求美驻俄大使馆停止传播俄在乌军事行动虚假消息
军事,申报遗产十几年后 韩国发现这一工艺品是由日本制造
军事,土耳其机场睡满避难者 百余人裹着毯子躺在候机室
军事,"蔡英文声称""愿和大陆开展对话"" 国台办：大家信吗？"
军事,印度国产舰载机首次在国产航母成功着舰 印媒:里程碑
军事,FTX喊话美国政客：限月底前归还政治献金 否则起诉
军事,美国务院称将向叙利亚提供援助 但拒绝解除对其制裁
军事,英超豪门前球员在土耳其失联 几小时前刚打入制胜球
军事,普京曾向以色列前总理承诺不杀泽连斯基？克宫回应
军事,尼泊尔航班坠毁致超70人遇难：之前发动机已失去推力
军事,外交部驻港公署警告美西方停止干预香港司法政治操弄
军事,土卫生部长：目前有227支土耳其医疗队参与地震救援
军事,英国护士和救护车工作人员再度举行罢工
军事,中方决定向土耳其和叙利亚提供紧急援助
军事,韩媒：尹锡悦下令向土耳其灾区派遣救援队
军事,俄外长：美国鼓励叙利亚库尔德人的分裂主义是在玩火
军事,丹麦要砍假期筹军费 五万人上街抗议
军事,德媒：美对华半导体限制恐殃及德企 部分将损失惨重
军事,俄一醉酒男子欲盗列宁遗体 试图闯入列宁墓时被拘留
军事,柬埔寨外交部怒批“美国之音”：玩弄肮脏的政治手段
军事,安倍胞弟岸信夫辞任 其长子将参加众议院山口2区补选
军事,科索沃接受法德调解方案 给予塞尔维亚人更大自治权
军事,德政府发言人:希望与欧洲合作为乌组建两个豹2坦克营
军事,针对中国！日媒热炒“华盛顿建议”在日部署中程导弹
军事,泽连斯基警告：俄军大规模进攻要来了 压力大要挺住
军事,霸权思想！美国正“密切关注”中国在这一地区的存在
军事,核污水排海将重创渔业 韩称年损失或达3.7万亿韩元
军事,土耳其男子瓦砾下视频求救:地震被埋 周遭呼喊声不断
军事,元宵节MV透露解放军改打“温情牌”？相关人士这么说
军事,我驻土大使馆：土耳其东南部地震中暂无中国公民伤亡
军事,外媒：强烈地震已致土耳其和叙利亚近200人死亡
军事,看到美国军舰上这张合影 土情报机构前负责人：威胁
军事,中国探月工程总设计师：今年将全面推进探月工程四期
军事,俄国家杜马主席：美和西方国家的政策建立在谎言之上
军事,中方就无人飞艇遭袭向美驻华使馆负责人提出严正交涉
军事,土耳其地震灾后现场曝光:建筑被夷为平地 多国有震感
军事,美国芝加哥周末多地发生枪击案：已造成至少15人伤亡
军事,美高级网络外交官称社交账户遭黑客入侵 安全影响未知
军事,俄一架飞机起飞时起火：轮胎爆炸引擎喷火 载有321人
军事,日本外相林芳正称中方邀请他访华 外交部:无消息提供
军事,日福岛举办核污水排海评议会 出席者批政府信息不透明
军事,为让西方提供远程导弹 乌防长承诺不用于攻击俄领土
军事,世卫称核辐射药物清单更新与国际政治形势变化无关
军事,乌政府发起大规模反腐行动取悦欧盟 但入盟恐难实现
军事,身中多枪！美国一名女议员在家门口被杀
军事,中国“间谍”气球飞抵美国？美国军方的反应却很微妙
军事,华裔女孩控诉美国养父母：被锁地牢强迫奴役十余年
军事,澳运煤船正驶向中国 澳总理阿尔巴尼斯有望年内访华
军事,称俩英国演员提名奥斯卡影帝 BBC道歉：他是爱尔兰人
军事,俄乌冲突1周年当天 G7轮值主席国日本拟召开线上峰会
军事,乌防长：若盟友援助远程导弹 乌方保证不打击俄领土
军事,最后一架波音747飞机交付 超半世纪生产历史正式结束
军事,韩美联合空中军演出动战略轰炸机 朝鲜:将超强硬回应
军事,俄驻美大使称美政府就在乌军事生物研究问题言行不一
军事,情侣公开场合跳舞被判10年监禁？伊朗驻华大使馆回应
军事,澳新钞不再保留英国君主肖像 将突出原住民历史文化
军事,俄反制西方对俄石油限价措施正式生效：禁止提供石油
军事,美海军动物实验被指无科学价值：绵羊遭受剧痛或死亡
军事,美国首都地铁发生枪击案 员工试图阻止抢劫被枪杀
军事,波音交付最后一架747 “空中女王”正式停产
军事,美民调：特朗普在共和党内支持率跌至历史最低点
军事,朝鲜称将按以核制核以正面对抗回答正面对抗回应美国
军事,普京：当务之急是确保乌军没机会轰炸俄罗斯边境地区
军事,美民调:民众超八成认为国家分裂失调 普遍对经济悲观
军事,“脱欧”三年后 英国离独立自主“大国梦”更远了
军事,“第41条”引发暴力抗议 意驻多国使馆面临安全威胁
军事,美韩在半岛西部海域上空联训 美军出动F35等多型战机
军事,日本《日经亚洲评论》：为何印度崛起让西方心里打鼓
军事,俄外交部发言人：美国北约试图将日韩拖入乌克兰危机
军事,美国联邦调查局正在搜查拜登位于特拉华州的别墅
军事,美媒炒作F35首次部署在北极基地 又扯上“针对中俄”
军事,匈牙利总理：乌克兰已沦为“无主之地” 堪比阿富汗
军事,被指责违反美俄间核协议 俄方回击：责任全在美国！
军事,通用动力试射无人机载无人机 被命名为“小鹰”
军事,安倍胞弟岸信夫健康状况不佳 最快2月3日辞任众议员
军事,美媒呼吁警惕“山谷热”在美蔓延：患者咳嗽发热
军事,印度机车检查员卧轨自杀身亡 乘客站台上目睹全程
军事,公安部推出6项措施便利境外中国公民
军事,乌克兰呼吁西方援助新型战斗机却不进清单 让美不解
军事,韩国过半民众希望独立开发核武器 能造4000枚核弹头
军事,乌军最大的秘密：大部分武器运输都曾跨越波兰边境
军事,勒庞：北约全面介入俄乌冲突或将引发第三次世界大战
军事,美军吸气式高超音速武器“最后一次飞行测试成功”
军事,是否军援乌克兰战斗机？美国“改口” 欧洲“暧昧”
军事,巴基斯坦西北部发生爆炸 警方称仍有数十人被埋废墟下
军事,拜登和特朗普都卷入的“罗生门” 看穿了就是党争
军事,约翰逊曾遭普京“导弹威胁”？佩斯科夫：这是谎言
军事,美将领警告英军不是顶级战力 目前只“勉强算二流”
军事,美空军前官员故意私藏数百份机密文件 面临10年监禁
军事,韩国仁川工地挖出美军航空炸弹：疑似朝鲜战争时投下
军事,美军火商推出儿童版突击步枪 多名国会议员齐声谴责
军事,民调：政府领导不力是美国头号问题 比通胀还糟糕
军事,安倍回忆录预售火爆，曾因“敏感内容”延期出版
军事,北约成员中最高 波兰将2023年军费开支提升至GDP的4%
军事,联合国秘书长强烈谴责巴基斯坦发生的自杀式袭击事件
军事,伊朗披露伊斯法罕军工厂遇袭细节 驳斥多地遭袭传言
军事,恐致癌放射性胶囊丢失 澳大利亚展开大海捞针式搜寻
军事,朴槿惠71岁生日千名粉丝要去庆生 前总理也助阵
军事,为阻止俄罗斯运动员参加奥运会 泽连斯基致信马克龙
军事,梅德韦杰夫回击德国外长：她是彻头彻尾的傻瓜
军事,“美欧注视下，俄乌两国只能互相放血”
军事,美司法部：关于拜登和特朗普的机密文件调查如期进行
军事,美众议院长麦卡锡：美国不能继续沿着这条路走下去
军事,印度官员出席活动时被近距离枪杀 枪手系执勤警察
军事,朔尔茨拒绝援乌战机 警告他国别在军援方面持续竞争
军事,美国新年伊始枪支暴力频发 政府应对迟缓令人绝望
军事,中国卫星公司回应美制裁：与美方制裁公司无业务往来
军事,美日荷神秘协议对华设限 日荷不愿公开与美谈判细节
军事,台湾2天内146人疑因天冷猝死 年龄最小者为1岁女婴
军事,土耳其总统：或对芬兰“入约”申请做“不同”反应
军事,父亲与俄国旗合影德约陷入禁赛麻烦 澳网主席:要小心
军事,美国枪击事件幸存者：那是我人生最恐怖的经历
军事,美主持人呼吁美军“入侵”加拿大并解放加拿大人民
军事,伊朗军工厂传出爆炸声 伊朗国防部：系拦截无人机
军事,美国黑人男子被警察殴打致死，警方改口解散涉事团队
军事,美国警方频现暴力执法：两名警察被控绑架殴打流浪汉
军事,美四星上级臆想“与中国开战时间”：发生在2025年
军事,韩国前线部队机关枪意外走火：连射4枚子弹
军事,无力承担饲养费用 芬兰动物园考虑将大熊猫归还中国
军事,东北亚“恒纪元”与俄乌“乱纪元”
军事,朝鲜就乌克兰冲突表明立场 狠批美国
军事,好战基因不断作祟臆想与中国开战 美又出新版本
军事,俄外交部：美官员言论表明美意图破坏全球能源安全
军事,巴以流血事件接连出现 紧张局势螺旋升级
军事,碧昂丝在迪拜一晚赚2400万美元 遭西方LGBT群体抵制
军事,紧急“灭火” 德国否认直接参与俄乌冲突
军事,泽连斯基：美国坦克如果8月份才运到乌克兰就太迟了
军事,乌克兰要完主战坦克又想要先进战机？德国防长表态
军事,德国民众抗议政府提供坦克支援乌克兰 反对激化冲突
军事,美媒：美法院公布佩洛西丈夫遭袭事件相关音视频资料
军事,韩政府：敦促日本就核污水排海采取负责任的措施
军事,美国男子夜晚持枪袭击警方直升机 藏身地发现5把枪
科技,周鸿祎：年轻人高考选专业，多少要带点技术因素
科技,高考后报专业城市和专业谁优先？冯仑：城市更重要！周鸿祎，我不同意
科技,冯仑评360智脑高考作文：打60分，没毛病，但缺乏感情
科技,周鸿祎：大模型写作不是搜索逻辑，大多数人不懂提问
科技,比亚迪披露仰望U8 云辇-P技术细节，兼顾城市、越野用车需求
科技,Apple Vision Pro体验：这才是“头号玩家”
科技,库克回应Vision Pro价格昂贵：这是“最先进的电子设备”
科技,苹果画的Vision Pro“大饼”，全球创业者抢着吃
科技,小米造车，雷军需要“强副手”
科技,数码博主进化论
科技,押题成功？各家GPT来写今年高考作文，谁最出彩？
科技,ChatGPT、文心一言、通义千问参加高考作文大赛！人工智能还是无法战胜人类
科技,传音 Tecno Pova Neo 3 手机曝光：配联发科 Helio G85 处理器
科技,特斯拉收购 SolarCity 案告终，马斯克胜诉
科技,《黑镜》主创坦言曾试用 ChatGPT 编写剧本，但效果不理想
科技,富佳股份：公司商用美容仪于2022年开始小批量生产
科技,我国新纪录，中科宇航力箭一号遥二运载火箭“一箭 26 星”发射成功
科技,618最省心旗舰！魅族20 PRO当之无愧：48个月流畅不卡
科技,电动焦虑下的日系车企：丰田反击，日产提速，本田激进
科技,5月黑猫投诉影音直播领域红黑榜：优酷酷喵会员诱导消费
科技,大摩下调评级至低配，宁德时代放量大跌超6%，市值跌破9000亿
科技,4年暴亏150亿，途虎养车靠什么养活自己？
科技,研究：北极最早恐在2030年再无夏季海冰，比预计提前十年
科技,5月黑猫投诉综合电商领域红黑榜：天猫618大促价保兑现难
科技,联想宣布昭阳品牌升级 王立平提商用PC三大价值标准
科技,长联科技IPO：兄弟五人掌大权共享“资本盛宴”，第一大客户合作终止
科技,华为正式发布全球首款800GE数据中心核心交换机
科技,一加Fold折叠屏手机最新爆料：8月在纽约发布
科技,荣耀耳机Earbuds X5今日首销 轻于一张A4纸佩戴舒适
科技,华硕 Chromebook 14 笔记本电脑开售：搭载 AMD Ryzen 3 7320C“Mendocino”芯片
科技,vivo暂停在德国市场销售产品 此前在德专利案败诉
科技,性能可期！曝天玑9300超大核暂定最低3.0GHz
科技,华为发布自研分布式数据库GaussDB 启动生态发展计划
科技,改款特斯拉 Model 3 实车再次现身：全新前大灯确认，尾部有扩散器
科技,vivo暂停在德国市场销售产品 此前在德专利案败诉
科技,一个小孔可能致发动机起火 福特汽车召回12.5万辆汽车
科技,AMD AI芯片MI300 Q4有望贡献2亿美元营收
科技,299元 荣耀Earbuds X5耳机开售：轻于一张A4纸
科技,Intel处理器被“切割”！无法使用macOS Sonoma部分功能
科技,苹果放出 Xcode 15 Beta 1 更新：体积减半，效率翻倍
科技,上市价 1199 元：索尼 LinkBuds 无线耳机 599 元腰斩再发车
科技,华为全栈自主数据库GaussDB聚焦金融场景 核心代码100%自研
科技,5月黑猫投诉服饰领域红黑榜：老凤祥诱导足金换K金
科技,周鸿祎与胡欢离婚股份过户完成
科技,微软 PowerPoint Web 版正改进绘图工具：支持数字标尺
科技,高通骁龙8 Gen3曝光：X4超大核主频达3.7GHz 史无前例
科技,马斯克：特斯拉乐意授权Autopilot/FSD给其它厂商
科技,苹果为 iOS 17 和 macOS Sonoma 引入新壁纸（附下载地址）
科技,孟晚舟：数字化和智能化正重塑金融 华为将持续投入根技术研究
科技,八大购机理由加持！荣耀90系列正式开售 2499元起
科技,全新Logo神似丰田皇冠 郑州日产帕拉丁复活了：真的可以开进沙漠！
科技,新型量子计算机“悟空”将于下月发布 号称“中国最强”
科技,Intel处理器被“切割”！无法使用macOS Sonoma部分功能
科技,Coinbase回应SEC起诉：官司会一直打到最高法院！
科技,五菱缤果减配ESC、自动驻车被投诉 车主：看海鸥卖的好了才加上
科技,比亚迪发布全新纯电大巴：车长近 19 米、可坐 140 人，能跑 470 公里
科技,今日高考！家长穿“红旗袍”图好兆头：为考生加油 向未来冲刺
科技,半藏森林克隆人引争议！利用AI技术吸金的“克隆人”，会引发AI诈骗吗？
科技,苹果新 iPhone 专利获批：右侧 / 顶部引入 Touch ID 指纹识别滑块按钮
科技,谁在“追捧”AI行业：岗位需求暴涨，工作一年能赚五十万？
科技,ChatGPT之父：目前OpenAI不会上市，要保证对AI的决策权
科技,消息称一加 Fold 折叠屏手机今年 8 月在纽约发布
科技,已有公司为苹果 Vision Pro 头显制作第三方皮质头带，提供多种颜色选择
科技,最快7月7日见！全球第三大手机系统鸿蒙4.0要来了：大幅升级 更高效
科技,vivo 在德国市场暂停销售手机：与诺基亚专利案败诉，将继续上诉
科技,小米14系列影像细节曝光：或全系标配潜望长焦镜头
科技,第二代 MagSafe 外接电池要来，iOS 17 代码发现两款配件
科技,疑似iQOO 11S入网工信部：搭载鸡血版骁龙8 Gen2+200W快充
科技,正式分家！周鸿祎与前妻离婚股份过户完成，最新市值68亿元
科技,瑞昱半导体起诉联发科，称后者串通专利流氓对其进行打压
科技,恒兴科技曲折上市梦：保荐机构曾信心溃败，净利润大跌毛利率三年巨降
科技,苹果 iOS 17 照片应用可识别宠物：可分辨出两只不同的橘猫
科技,MR头显很酷，但苹果缺席了更重要的事儿
科技,大众汽车撤资，合营企业已出售，出门问问AIGC成色究竟如何？
科技,云米饮水机称一秒即热被罚
科技,小米向印度“服软” 牵手本地有背景的企业成“护身符”？
科技,三星将在埃及制造 Galaxy 手机，新工厂年内开工
科技,新品涌入“6·18” 电商给流量也不一定能卖爆
科技,贾少谦：海信正式把汽车电子定为第二增长曲线之一
科技,IDC：一季度智能手机产业制造规模同比衰退16.3%
科技,这届网约车，一天接不到10单
科技,苹果iOS 17适配机型名单公布：iPhone 8/X被抛弃
科技,AMD确认AM5用至2026年 下代锐龙采用全新架构
科技,英特尔PowerVia技术测试成功 为下代制程带来更强表现
科技,佳能618直播被指把消费者当猴耍 几万人只放5个名额
科技,苹果加强用户隐私保护，2020-2022 期间累计拒绝近 100 万款应用程序申请
科技,库克称自己也在用 ChatGPT，苹果正密切关注其发展
科技,币圈监管风暴升级！美最大加密货币交易所Coinbase被SEC起诉
科技,侵犯特斯拉名誉权败诉后博主拒不道歉 陶琳无奈发文
科技,恒驰汽车研究院被执行4214万 涉及施工合同纠纷案等
科技,一加Nord N30 5G悄然发布！配1.08亿像素和50W快充
科技,特斯拉CEO马斯克称与中国就AI进行了探讨 和监管有关
科技,"年内已斥资超100亿，腾讯回购""不手软""！小米也动手了…"
科技,Apple Silicon 独享：基于英特尔的 Mac 电脑无法使用 macOS Sonoma 的部分功能
科技,哔哩哔哩一季度亏损收窄 B站营商环境引发讨论
科技,iOS 17 健康应用引入后续通知，提醒用户不要忘记服药
科技,警惕“一元小彩票”风靡中小学校园，还未成年人以清朗空间
科技,快手拿什么拯救持续下滑的广告业务?
科技,卖2.5万被吐槽暴利！苹果革命性设备MR头显成本清单曝光 定价良心？
科技,苹果分享在 Vision Pro 头显中用虚拟键盘打字的体验：采用特殊设计，提供空间音效
科技,vivo V29 5G新机现身Geekbench 搭载骁龙778G Plus
科技,戴上2万5的苹果头显，我只看到了库克的焦虑
科技,iOS 17 隐藏新特性：增强 Siri 建议、呼唤 Apple Watch 等
科技,一文看懂显卡的显存容量/频率/位宽/带宽
科技,库克治下苹果深陷创新困境，9年憋出一台卖2.5万元的头显，果链也被带崩了
科技,vivo X Flip成竖折叠屏手机销量第一 领跑整个手机行业！
科技,小鹏找林志颖代言是不是好点子？高管回应：当然是
科技,iPhone 14 Pro Max仅在第七 最新iOS设备性能排名来了
科技,苹果向所有用户免费开放 iOS 17、watchOS 10、macOS Sonoma 开发者测试版
科技,Apple Watch Series 6/7/8 等手表扩展支持“优化电池充电”功能
科技,苹果 Vision Pro 头显融合三大交互，用户上手需一段时间适应
科技,手机越用越卡 原来是这几个原因造成的
科技,标致3008内饰公布：颜值秒杀BBA
科技,小米王腾：苹果Vision Pro令人赞叹
科技,隔夜要闻：美股收高 零件现缺陷波音推迟787客机交付 ChatGPT之父称OpenAI不上市 美最大币圈交易所遭SEC起诉
科技,产品销量下滑 短期业绩承压 硅动力上会前夕撤回科创板IPO申请
科技,苹果MR“空间计算”成亮点 “果链”企业何时能享红利
科技,券商跟投科创板项目超六成浮盈 17个跟投项目浮盈均超亿元
科技,新能源公司掀起“分拆”热：“蛋糕”做大后的必然？
科技,苹果CEO：Vision Pro是最先进的电子设备 正在密切关注ChatGPT
科技,Vidda入局投影大战！还没吃到这波瓜的快上车
科技,美国政府给福利！特斯拉Model 3全部车型均可享受7500美元税收抵免
科技,数字加密货币交易所Coinbase被SEC起诉：违反美国证券法
科技,独家 | vivo车载协议即将大升级 支持用户通过Carplay协议使用Jovi InCar
科技,宁愿亏也要出售！美国商业地产贷款的雷有多大？
科技,36氪2023 Q1营收实现双位数增长，长短视频业务客单价再创新高
科技,“酱油茅”又出事了？蚝油内出现异物 海天味业业绩陷困局
科技,挚文集团第一季度营收28.2亿元 同比下滑10.5%
科技,百度智能云：文心一言高性能模式推理性能已提升50倍
科技,像iPhone一样划时代？苹果 Vision Pro暂时做不到
科技,终于来了，苹果首款头显Vision Pro发布，售价25000！却有个大槽点……
科技,男子车位被占装地桩包围对方车辆 做法真解气？官方：以暴制暴不可取还违法
科技,苹果Vision Pro头戴支持近视用户：需额外掏钱买插片
科技,欧盟要求大型科技公司标记 AI 生成内容，分析称实际执行存在技术障碍
科技,万达员工午餐时间玩手机被通报 律师：侵犯员工隐私权
科技,至快0.25ms疾速响应 详解雷柏VT9S轻量化双模无线电竞游戏鼠标
科技,《暗黑破坏神4》正式发售：标准版终于能玩了
科技,同样的夏季，玻璃纯碱和而不同！
科技,前华人首富赵长鹏“翻车了”：涉嫌欺诈等13项罪名，遭美国证交所起诉
科技,399元！苹果上架70W USB-C电源适配器：从0%充至50%电量约30分钟
科技,最高折抵 6000 元，苹果 Mac Studio 等加入 Trade In 换购计划
科技,中科院与腾讯申请的 AI 心理咨询专利获授权
科技,全新大众途观现身海外！推出1.5T插电式混合车型 将于年内首发亮相
科技,一条视频带你回忆高三这一年 网友感动：祝愿每位考生忙而不茫
科技,魅蓝Blus 2S上手评测：AI加持降噪更省心 这个“绿豆”让人心动
科技,科学家用人类胃细胞制造出胰岛素，成功治愈小鼠糖尿病
科技,消息称 realme GT3 240W 手机 6 月 12 日登陆全球市场
科技,当红齐天宣布推出5G超清薄VR头显，张艺谋参与公司创立
科技,苹果iOS 17快速上手 聊聊对它的初印象
科技,视频|苹果发布Apple Vision Pro，空间计算时代已经来临？
科技,燃油车新规倒计时，谁在沙滩上“捡贝壳”？
科技,2万5的苹果头显，谁买？
科技,温馨提示：热水器安装不当易伤人
科技,车载AI医生10分钟做完眼检查！全国首个“5G智能眼科巡诊车”启用
科技,快讯 | 台积电董事长刘德音：台积电正准备增加产能以满足人工智能的需求。
科技,不会与客户竞争！OpenAI首席执行官私下保证：不会发布ChatGPT之外的产品
科技,电池漏电、外壳脱落……网售儿童电动牙刷不合格率达5成
科技,Gitlab(GTLB.US)Q1业绩、Q2指引、全年指引均超预期 CEO表示客户希望借助该公司的AI提高效率和生产率
科技,Gitlab(GTLB.US)Q1业绩、Q2指引、全年指引均超预期 CEO表示客户希望借助该公司的AI提高效率和生产率
科技,佳能相机618直播被指把消费者当猴耍
科技,抄底！百度网盘超级会员年卡178元：送优酷+喜马拉雅
科技,机构：预计到2027年OLED发光材料的需求量将增加到161吨
科技,云米饮水机称“一秒即热”违反广告法被罚
科技,特斯拉事故后再下赛道 林志颖成小鹏G6代言人
科技,长城吹起反攻号角 魏牌蓝山交付首月卖出5136辆：狂挖理想L8墙角
科技,张辉：技术创新赋能产业融合发展
科技,圆梦凯旋｜神舟十五号乘组返回全纪实
科技,台积电：生成式人工智能为台积电带来更多订单
科技,快讯 | 台积电：扩充系统设计并与客户配合是未来的发展方向，也将提供一站式服务(ONE STOP SERVICE)。
科技,2023Q1 印度 PC 报告：前五厂商跌幅均为两位数，最高 46.5%
科技,ECS Liva Z5 Plus 迷你电脑发布：搭载英特尔第 13 代 Raptor Lake-U 芯片
科技,郭明錤：ChatGPT比苹果MR头显更能改变未来
科技,郭明錤：ChatGPT比苹果MR头显更能改变未来
科技,福岛核污染水排海隧道开始注入海水：周边鱼体放射性物质超标180倍
科技,川藏线一SUV逆行挡救护车生命通道 网友：自私自利的典范
科技,2023 PT展｜筑算网基石 创数智未来，锐捷网络助推数智领域创新发展
科技,用vivo S17 Pro拍人像是怎样的一种体验？自然感，就是高级感！
科技,不愧“苹果最佳开发者”：微软宣布旗下办公软件首发入驻Vision Pro
科技,16G+1T 仅 2279 元 ：Redmi Note 12 Turbo 手机 6 期免息再降新低
科技,MNT Reform Next 笔记本电脑曝光：更轻薄，搭载瑞芯微 RK3588 芯片
科技,奇瑞集团5月销量13.9万辆 同比增长63%
科技,坚持绿色可持续发展爱普生用行动助力世界环境日
科技,国美控股集团法定代表人变更，刘亚楠接替陈萍
科技,半成品都不算？苹果眼镜Vision Pro有多坑
科技,OpenAI首席执行官私下保证：不会发布ChatGPT之外的产品
科技,傻傻分不清楚？教你一眼看出USB接口的版本和速率
科技,康佳重磅发布E9G、G7系列电视新品
科技,阿根廷中国行 花30万可让梅西敬酒、合影？官方回应
科技,Snap再从巨头挖人：聘请谷歌前工程师担任工程负责人
科技,马斯克脑机接口公司Neuralink估值涨至约50亿美元
科技,苹果Vision Pro：先进到让同行绝望？
科技,售价2.5万的赛博眼镜，就是苹果的下个时代？
科技,售价约2.5万！苹果MR头显来了！颠覆XR行业？带来哪些投资机会？
科技,7年憋出最强头显，苹果Vision Pro一夜封神！售价2万5，M2+R1双芯，革了计算机的命
科技,苹果头显千呼万唤始出来，VR创企期待扭转融资颓势
科技,MR头显Vision Pro压轴，苹果用新系统、新硬件开启下一个十年
科技,深夜爆了！苹果重大发布，3499美元！又一次见证历史
科技,甘愿被演唱会掏空钱包的年轻人
科技,2万5的苹果头显来了，它会是下一个iPhone吗？
科技,李宁“双打”
科技,一文读懂苹果 Vision Pro：最好最贵的头显，重新定义下一代计算
科技,B站和UP主们，等待陈睿解决三大难题
科技,电商博弈渐入下半场
科技,WWDC观感：扎克伯格的元宇宙冷饭，昂贵的苹果头显能炒热吗？
科技,英特尔收跌超4%，苹果所有电脑产品转向自研芯片
科技,618的“无限游戏”：电商巨头复刻彼此
科技,十年磨一镜，苹果头显Vision Pro登场！2.5万的价格背后，还有这些细节
科技,被神话的GPT，造不出你的梦中神车
科技,取代iPhone？苹果发布首款MR头显 真机首秀来了：2.5万必买？
科技,独立在轨33天 状态良好：天舟五号与空间站组合体再次对接
科技,特斯拉供应链高管跳槽至Rivian
科技,英特尔抛售部分自动驾驶公司Mobileye股票，筹资约15亿美元
科技,3分钟速看苹果WWDC23
科技,苹果首款AR眼镜卖2万5！续航2小时，近视也能用，库克：欢迎来到空间计算时代
科技,苹果来了，AR就有救了？
科技,实用性看齐安卓？这就是iOS/iPad OS 17 苹果已推送测试版：iPhone 8、X被弃
科技,苹果macOS Sonoma系统已推送：游戏能力不输Wintel联盟
科技,Microsoft 365 大规模宕机，超过 1.5 万用户无法使用 Outlook 邮箱
科技,科大讯飞：6 月 9 日将进一步实现星火 App 等多个产品级应用发布
科技,极氪 009 车型推送 ZEEKR OS 3.6.4 升级，新增 UWB 智能钥匙升级、家充桩即插即充
科技,三星将在埃及制造 Galaxy 手机，新工厂年内开工
科技,戴森推出新款 BP03 空气净化器旗舰款：可覆盖 100 平米空间，6990 元起
科技,Nothing Phone (2) 手机渲染图曝光，依然采用透明背板设计
科技,荣耀公布摄像模组新专利，可降低尺寸、减小占用空间
科技,英特尔 PowerVia 芯片技术详解：Arrow Lake 处理器 E 核实现 6% 的性能提升
科技,像《钢铁侠》贾维斯！苹果Vision Pro头显完全抛弃手柄：直接手势操作
科技,24800元的苹果Vision Pro发布 一文看懂WWDC23有多硬！
科技,x86时代结束了 Arm崛起：苹果只用三年就替换全部英特尔处理器
科技,Win11原生完美运行安卓APP：取代手机
科技,为何选择微软XSX？这个原因让主机玩家无法抗拒
科技,微软宣布放弃Win10后果：用户反向增多了
科技,日本相机销量榜公布：尼康Z8第一名
科技,1000亿晶体管 英特尔展示巨无霸AI芯片
科技,骁龙8 Gen2成本价曝光：1100元比苹果A16贵太多
科技,iOS 17支持第三方商店：国内基本没戏
科技,8450米的珠峰上舍命救人 女子承诺1万美元只肯给4000美元：贵吗？
科技,Intel PowerVia背面供电测试成功！“2nm”工艺见、频率提升6％
科技,1100万年后 决定性别的Y染色体将消失：人类会怎么样？
科技,英特尔显卡驱动更新 新增《街头霸王6》等游戏支持
科技,台积电已启动2nm试产前置工作：今年试产近千片
科技,LG推出StanbyME Go便携显示器 手提箱中的27寸触摸屏
科技,英特尔将于9月举办Innovation峰会 或将带来14代酷睿
科技,售价逼近3万元，苹果vision Pro VR眼镜正式发布
科技,一文看懂WWDC23：超10款软硬件新品 令人惊叹！
科技,女足队员同款配色：Reno10 Pro+暮光紫限时享1年延保
科技,联想将推三款12.7英寸巨屏平板，骁龙870仅为中配
科技,学习机护眼团体标准正式启动 京东推动学习机市场健康规范发展
科技,苹果首款头显 Vision Pro 正式发布！它是 iPhone 之后最重要的产品
科技,Hey Siri被砍！iOS 17首个测试版发布：你升级吗？
科技,苹果Mac三大新品国行价格汇总：巅峰顶配9.7万元
科技,WWDC23总结：苹果重启元宇宙
科技,苹果Vision Pro为啥拖着一根线？网友吐槽太碍事 设计灵魂丢失
科技,真颠覆XR！苹果Vision Pro技术、体验几乎完美 但是一根线毁所有
科技,李楠评苹果Vision Pro：算力爆炸、交互革命 3500美元真不贵
科技,新款苹果 Mac Pro 国行售价公布，55999 元起
科技,2.4万元！苹果首款MR头显Vision Pro发布：单眼像素超越4K电视
科技,新款苹果 Mac Studio 国行售价公布，16499 元起
科技,Mac Studio国行价格公布：M2 Ultra加持 售价32999元
科技,苹果 15 英寸 MacBook Air 国行售价公布，10499 元起
科技,苹果最强芯片深夜炸场！192GB统一内存，单台设备能跑AI大模型
科技,15英寸MacBook Air国行价格公布：10499元起
科技,iOS 17支持机型名单公布！iPhone 8/X无缘升级
科技,七年磨一剑！苹果正式发布MR头显Vision Pro：或重新定义计算行业
科技,苹果MR眼镜续航时间两小时 售价3499美元起
科技,美SEC起诉币安和赵长鹏：滥用客户资金、欺诈交易.....
科技,苹果 Vision Pro 增强现实头显正式发布，售价 3499 美元
科技,布局战略性新兴产业 国资央企频频送“子”科创板
科技,苹果推出watchOS 10：新增史努比表盘 更新一波健康功能
科技,苹果正式发布混合现实头显设备 Apple Vision Pro
科技,苹果MR眼镜来了：引入眼动追踪 交互不需借助额外硬件
科技,苹果为 AirPods 增加自适应音频功能
科技,全新macOS亮相：新增游戏模式 提升Safari浏览器安全性
科技,苹果推出iPadOS 17：小组件更加丰富 升级对PDF文档支持
科技,苹果推出iOS 17：新增一碰传功能 改进Siri唤醒方式
科技,苹果推出M2 Ultra芯片：拥有24核CPU 最高支持192GB内存
科技,重拳整治后仍“改头换面” 倒票“黄牛”治理尚需加力
科技,苹果发布15英寸MacBook Air：搭载M2处理器 售价1299美元
科技,媒体：城市停车收费不能“利”字当头
科技,欧盟敦促大型科技公司提醒用户人工智能存在的“阴暗面”
科技,苹果股价刷新历史新高 市值离重回3万亿大关还差多少？
科技,成立4个月就成独角兽？王慧文创业公司被传融资16亿，多方回应：消息不实！
科技,前抖音产品负责人Seven加入AI公司「深言科技」
科技,华为：不会有“盘古Chat”此类命名
科技,刘强东和罗永浩，联合搅楼市
科技,交个朋友副总裁：去年底开始布局抖音货架 GMV增至一个月3000万
科技,越开店越亏损的海伦司，决定用加盟制缓解焦虑
科技,宁德时代跌3.8% 华创证券高位反复强推喊目标价825元
科技,快手电商发布618战报：大促前3天订单量同比增长超7成
科技,未来互联网发展研讨会在京举行
科技,俞敏洪：东方甄选山西行，如果没有粉丝们的参与，就没有一切
科技,瑞幸咖啡第1万家门店在厦门开业 成为中国首家万店规模连锁咖啡品牌
科技,联想将推出三款平板电脑：搭载 12.7 英寸 LCD 屏幕，支持 144Hz 刷新率
科技,万达集团：全国首个旅游景区 AI 导游“小丹”亮相，基于大语言模型开发
科技,芯片投入决心绝不动摇！小米自研芯片公司玄戒增资至19.2亿
科技,无意识刷手机危害有多大？研究表明对大脑、心理健康产生负面影响
科技,终于跌破 900 元：三星 980 PRO 2T 固态硬盘京东自营 859 元起再降价
科技,《暗黑4》玩家希望新角色继承地图数据：重新跑图太无聊
科技,冰箱、沙发、大彩电就是好！理想超长城成中国车企第二
科技,中国驻日大使：如日方执意对中日半导体合作设限 结果是中日双输美国独赢
科技,小冰公司首批“克隆人”提前上线，“AI+虚拟数字人”行业规模有望快速增长
科技,荣耀Magic6系列爆料:全系搭载骁龙8 Gen3和巨犀玻璃
科技,苹果首款MR头显或10月量产 预计售价超2万 利润不高
科技,日均不到10单，多地对网约车按下“暂停键”
科技,外媒酸了：小米13 Ultra史上最大胆 可惜不在印度上市
科技,电商巨头，掀起“清库存”大战
科技,真假“英伟达概念股”：A股市场谁才是黄仁勋的真伙伴？
科技,米家高速吹风机H501｜小巧轻便 299元真香了！
科技,AIGC将如何影响各行各业？权威机构作出五项大胆预测
科技,高德地图轮椅导航功能再升级 可沿途搜索无障碍卫生间
科技,蔚来ET5旅行版将于6月15日上市！国内优先开启交付
科技,小米自研芯片公司增资至19.2亿！卢伟冰曾称决不放弃
科技,曝iQOO 11S于7月上旬上市 搭载第二代骁龙8+移动平台
科技,【618购机指南】有没有你心动的真香机呢？
科技,追逐2023最大风口！人工智能ETF吸引全球投资者“蜂拥而入”
科技,苹果WWDC23礼包开箱：布包、水壶、Pin、帽子四件套
科技,知名果链分析师：苹果MR头显能否成功 关键看它是否与AI结合
科技,知名果链分析师：苹果MR头显能否成功 关键看它是否与AI结合
科技,微博打造融合车载APP 助力车载服务领域实现社交属性
科技,黄仁勋台北电脑展后已返回美国
科技,AI热潮下的投资人：既要抢项目，又要防被项目割韭菜
科技,重启天涯第一步失败！7×24小时直播，仅募集14.99万元！投资人潘海东：天涯已被时代抛弃，只剩下品牌和脑残粉
科技,刘慈欣自曝用ChatGPT写发言稿
科技,小米14 Pro效果图曝光：极窄四曲面屏 手感观感双突破
科技,3nm工艺天下无双 台积电明年继续涨价：涨多少全看面子
科技,反向带货 长安汽车4S直播间上演“尾翼夹手”：女销售惨叫不已
科技,官方预热：摩托罗拉 Razr 40 系列折叠屏手机即将登陆印度
科技,时代变了！大量安卓用户逃离换iPhone背后 国内用户选因苹果高性价比
科技,微软Office 365 AI定价曝光：年费10万美元 已有100家客户
科技,【IT之家开箱】朝曦初上，紫气东来：魅族 20 PRO「晨曦紫」图赏
科技,超配近3年后，罗斯柴尔德家族开始减持英伟达：AI估值太高
科技,华为或将发布国内首个软硬协同全栈自主数据库 GaussDB
科技,苹果WWDC23访客中心打卡，今晚凌晨我们不见不散
科技,中信证券：深圳全力推进人工智能 积极推动AI+机器人融合与应用
科技,刘慈欣自曝用 ChatGPT 写发言稿：写得还不错
科技,国产手机老将新机曝光！酷派CP17详细入网参数公布
科技,华润微：目前公司IGBT产品已进入比亚迪、长城、吉利等车企
科技,华为版ChatGPT或将于7月7日发布：命名“盘古Chat”
科技,重压下的阿里云：换帅、降价、裁员、上市与老将回归
科技,压力给到X86处理器！苹果M2 Ultra芯片曝光：频率达3.68 GHz
科技,行驶中方向盘可能会掉 特斯拉召回部分Model Y！中国车主不受影响
科技,电视能不能当显示器用 答案你想不到
科技,女子游野泳溺亡家属索赔166万被驳 法院：自行下水、应对自身负责
科技,中国铁路：6 月 5 日起，12306 App 开通学生优惠资质在线核验
科技,国产手机老将新机曝光！酷派CP17详细入网参数公布
科技,美团的“骑手潮汐”效应
科技,OpenAI 网站访问量飙升至 10 亿次，上榜全球访问量最高网站 Top20
科技,华为新专利公布，将会带来一种新的可变光圈方法
科技,5699元起！摩托罗拉moto razr 40 Ultra折叠屏手机今日开售：外屏达3.6英寸
科技,郭明錤：投资人更关注Apple何时推出类ChatGPT 服务
科技,消息称华为即将发布国内首个软硬协同全栈自主数据库 GaussDB
科技,全球手机处理器市场现状：前三没悬念 国产靠它苦撑 华为麒麟或有新品来袭
科技,全球首架载人“飞碟”在深圳起飞：水陆两栖起降 最快50km/h
科技,消息称台积电已启动 2nm 试产前期准备工作，目标今年试产近千片
科技,WWWDC23预览：虚拟现实将成为绝对主角 此外还有15寸Air和软件全家桶
科技,郭明錤：投资人更关注苹果合适推出类 ChatGPT服务
科技,苹果首款头显明天发布！郭明錤泼冷水：类ChatGPT更重要
科技,云上鏖战：阿里云再降价，1个月内4家厂商跟进
科技,Y Combinator创始人：股市投资者难以参与AI投资
科技,索尼CEO：云游戏存在延迟、服务器浪费等障碍
科技,爱回收联合戴森推出全新“以旧换新轻松购”服务
科技,佳明EPIX Pro商务运动智能腕表来袭，加入LED照明灯
科技,苹果首款头显更多细节曝光，搭载M2芯片，16GB内存
科技,外媒爆料：WWDC23或将更新Siri，可直接唤醒
科技,苹果WWDC前瞻：或用头戴设备翻开新篇章
科技,最难啃的南美市场，联想是怎么做到老大的？
科技,618，家电企业和自己“打架”
科技,暴跌25% 卖不动的智能音箱等ChatGPT救命
科技,工业和信息化部明确全面推进6G技术研发
科技,英想牵头建全球AI监管中心，英媒：英正进行“闪电外交”以加快合作
科技,提前到岗，推特新任CEO将于本周一走马上任
科技,向科技企业收“流量费”，欧盟有分歧，反对者称违反“网络中立”规则
科技,阿维塔11 5月大定订单2366辆 三季度提供华为鸿蒙车机
科技,沃尔沃/极星将通过OTA升级车机 提供改进版CarPlay
科技,宝马这些车型宣布召回！存在行驶中动力中断的隐患
科技,部分进口牧马人宣布召回852辆！存在燃油泄漏隐患
科技,新款宝马X6正式上市！百公里加速5.4秒 79.99万元起
科技,华为新专利获得授权 可实现VR弹幕分流 提升观看效果
科技,iPhone 15 Pro系列屏幕供应商敲定：支持动态调整刷新率
科技,小米14 Ultra影像细节曝光：依旧1英寸大底 M43画幅明年见
科技,vivo X100系列将首发天玑9300：全大核阵容 架构十分激进
科技,荣耀X50入网：首发骁龙6 Gen 1 35W快充感人
科技,Redmi K60 Ultra工业设计图曝光：采用全新方形矩阵相机方案
科技,三星Galaxy S24 Ultra影像细节曝光：长焦或迎来显著升级
科技,WWDC23 明天凌晨开幕，苹果向开发者送出限量版手提袋、徽章等
科技,苹果 WWDC23 前瞻，欲用头戴设备翻开新篇章
科技,郭明錤：投资者更感兴趣的是苹果何时推出 ChatGPT 竞品，而不是 AR 头显
科技,10年前的显卡都流畅 《暗黑4》被曝移植苹果平台：iPad也能玩
科技,外形炫酷，全球首架电动垂直载人飞碟在深圳起飞
科技,英特尔主板不换接口了 14代酷睿马甲确认：升级BIOS即可兼容
科技,苹果MR设备最全爆料：搭载M2芯片 售价或高达2万元
科技,Edge 不再独享，微软确认必应聊天实验性第三方浏览器支持正在推出
科技,SSD硬盘暴跌 你仍然需要一块机械硬盘：存数据更安全
科技,微软推送 Win11 在线服务体验包测试更新，升级 Windows 开始菜单
科技,用户反馈微软 Win11 在安装 KB5026446 更新后出现多种问题
科技,整个VR行业：都伸长了脖子 等着苹果的发布会
科技,酷派 CP17 详细入网参数公布，类似酷派大观 40s 手机
科技,不是我说 iPhone拍照怎么就像富士相机了？
科技,被英伟达等竞争对手“甩在身后” 英特尔CEO：将通过大规模扩建工厂扭转公司命运
科技,外出住店 为了影音房多花几十块钱 你愿意吗？
科技,首款支持ChatGPT的手机来了：纯国产 非洲一哥
科技,上千块的吹风机到底是不是智商税
科技,苹果彻底放弃灵动岛还需2年：屏下Face ID技术已成功
科技,步步为营 扎实前行 摩尔线程从底层推动国产GPU芯片产业发展
科技,大量安卓用户逃离换苹果iPhone：安卓13市占率仅为15%
科技,购置税减免政策再延续 新能源车产业链谁更获益
科技,目标300万仅完成约20万，直播也救不了天涯？
科技,Counterpoint：联发科继续领跑 Q1 智能手机 AP 市场，高通份额大涨
科技,中国工程院院士邬贺铨：5G 用户数占移动总用户已经超过三成，预计 2024 年达到一半
科技,彩票销量创5年来新高 广东销量遥遥领先
科技,真正的国产显卡之光！摩尔线程国产GPU、AI与元宇宙多项进展深入解读
科技,OpenAI为节约成本偷工减料？史上最强大模型GPT-4“变笨”引发全网讨论，输出质量被质疑明显下降
科技,开启XR的“iPhone时代”？苹果MR设备最全前瞻来了
科技,汽车早报｜比亚迪王朝系列5月销售同比增长71.6% 吉利几何新能源车型推限时补贴
科技,苹果开发者大会在即，美媒：手机市场不再迎来“iPhone时刻”
科技,马斯克刚走，黄仁勋要来，科技大佬排队来华：不能失去中国市场
科技,周五热门中概股多数上涨 叮咚买菜涨超10% 聪链华住酒店涨超7%
科技,中国科学家在大脑中找到“生物钟”位置
科技,对话360集团孙浩：将大模型“嵌入”智能硬件，360如何把握“下个风口”？
科技,亚马逊据称正与美国运营商谈判 为Prime用户提供免费电话服务
科技,微软对测试Office AI功能加收40%的费用，美银沃尔玛等600多家大客户参与
科技,水滴公司第一季度营收6.06亿元 Non-GAAP净利润9640万元
科技,英伟达领涨半导体股价：做空者巨亏 180 亿美元，持续加仓盼翻盘
科技,云集第一季度营收1.79亿元 同比下滑47.8%
科技,B站一季报AB面：日活多了，UP主赚钱少了？
科技,马斯克：收购推特是必要的，即使贵得离谱，这是条艰难致富路
科技,moto razr 40 Ultra体验：超大外屏就是爽
科技,腾讯张军：马化腾言论是想让投资公司居安思危，但越传越歪
科技,不止马斯克，全球最顶尖的科技大佬今年都来中国了
科技,马化腾分享关于裁员文章称“要收紧队形” 公关总监：这不是在内部说的
科技,对话百度何俊杰：大模型重塑搜索，百度如何“卷”？
科技,突然刷屏！比亚迪西安工厂起火，现场浓烟滚滚，是重要制造基地！最新回应来了
科技,任泽平，最懂流量的经济学家
科技,靠没有优势的FF 91 2.0，贾跃亭圆不了造车梦
科技,一年停车费少则上千多则上万，全国城市停车哪里最贵、哪里最难？
科技,戴威摸着贾跃亭过河？
科技,气囊或无法打开！丰田热门车型大规模召回！此前被曝用户信息泄露，241万车主恐“遭殃”
科技,5月汽车公司市值榜：特斯拉大涨超1200亿美元，理想汽车升至国内第二，车市回暖经销商仍承压
科技,“人民代步车”五菱海外卖疯，日本车在东南亚面临崩盘？
科技,知乎加速大模型研发 CTO李大海兼任面壁智能CEO
科技,京东直播，不只需要一个罗永浩
科技,AI能有多危险？美国空军专家透露的模拟测试结果令人不安
科技,戴威版“真还传”：创业未半，中道崩盘
科技,蚂蚁集团井贤栋：商业和社会价值一体创造，是企业可持续发展核心路径
科技,一图看懂哔哩哔哩2023年Q1财报：净亏损同比收窄72% 用户日均使用时长96分钟
科技,不只比5G好用10倍 华为提出5.5G新战略：把光技术带入每一辆车
科技,微软 Edge 浏览器 Dev 115 发布：历史记录可显示缩略图
科技,ChatGPT现在正式交到了一名华人手上
科技,干爽畅快：太平鸟速干T恤49元探底（吊牌198元）
科技,2023小家电行业务必在不确定中寻找确定
科技,英伟达市值飙升破万亿，华尔街纷纷调高其股票目标价
科技,价格创新低 moto razr 40系列新品3999元起
科技,芯谷微IPO：超九成营收为应收账款，利润依赖税收优惠政府补助
科技,华为 鸿蒙 HarmonyOS 3 系统更新，首批支持 Mate 50 等 5 款机型
科技,天玑9200+登顶安卓性能榜
科技,这届年轻人偏爱“硬核护肤”？天猫618：美容仪、功效护肤品成黑马
科技,诺基亚2660 Flip手机新增绿色和粉色配色 仅售65英镑
科技,沉浸式“信仰之跃”，育碧宣布专为 VR 打造的新作《刺客信条 Nexus VR》
科技,亚洲最大火电二氧化碳捕集利用封存项目今日投产
科技,2999元 创维新款Mini LED显示器上架：4K HDR1000、96W反向充
科技,OPPO 618再夺多个冠军 4000+价位销售额同比增160%
科技,昨夜，Meta首款消费级MR头显提前发布！扎克伯格亲自站台，抢跑苹果
科技,安徽省科技厅成果转化与区域创新处处长李林接受审查调查
科技,扎克伯格抢先库克：于苹果前发布Quest 3 VR头显
科技,4月壁挂炉市场：市场明显复苏结构良性发展
科技,抢先苹果一步！Meta推出新头显：秋季上市，起售价499美元
科技,B站又分了20亿，UP主还是不满意
科技,数据就是金山银山？“美版贴吧”API收费标准曝光 1.2万美元/5000万次
科技,苹果零售链大动作：四年内亚太拟新开15家店 上海有望再开一家
科技,苹果拟加强中国及亚洲零售网络建设：2027年前开设或改造21家门店
科技,10分钟被骗430万风波后 AI换脸又盯上明星
科技,波音推迟搭载宇航员的飞行，因发现新安全问题
科技,线下演唱会强势回归，线上演唱会还有发展空间吗？
科技,戴尔科技：2024财年第一财季营收209亿美元，运营利润11亿美元
科技,Steam下架Dolphin模拟器，开发者也收到任天堂 DMCA 警告
科技,华硕推出ROG Strix Scope II 96双模无线游戏键盘
科技,佳明发布全新商务智能运动腕表，全系搭载LED手电筒
科技,儿童市场持续升温，家电能否分一杯羹？
科技,印度尼西亚国家电力公司与华为签署战略合作协议
科技,终于有人把嵌入式冰箱的分类说清楚了！
科技,洗碗机市场震荡前行，美的西门子方太老板涨跌互现
科技,日本将要求苹果允许第三方应用程序商店，禁止谷歌在搜索结果中“偏袒自己的服务”
科技,苹果储蓄账户客户称将资金转出高盛时遭遇困难
科技,对话周鸿祎：未来大模型将呈现“三化”，谁将被行业淘汰？
科技,迪柯尼的“关店收缩”：营收净利润大降，销售费用率近两倍同行
科技,东软熙康第四次递表：三年亏7亿，现金流承压竞争压力大
科技,狗狗币投资人指控马斯克内幕交易：卖力吆喝只为自己套现
科技,在等苹果的头显？IDC 报告 AR / VR 头显 2023Q1 出货量下降 54.4%
科技,微信摊牌了
科技,再次为梦想窒息 贾跃亭终于收割了美国富豪们
科技,英伟达CEO黄仁勋今日将与鸿海集团董事长刘扬伟会面
科技,马斯克刚走，“狠人”黄仁勋要来了
科技,大摩分析师：特斯拉仍是汽车公司 AI影响不大
科技,iOS 15.7 及此前版本均受影响，攻击者利用苹果 iMessage 传播恶意软件
科技,5G是高铁 6G就是飞机！中国移动：6G天地一体 感受爽到家
科技,取消远程办公？Meta或要求员工每周至少到岗工作3天
科技,苹果计划扩大中国和印度市场：要在温州、佛山、合肥开新店
科技,天涯社区暂停访问后，20多年的用户数据怎么办？
科技,评为 2022 年 Steam 最具创意游戏，消息称《迷失》将登陆 Mac 平台
科技,华泰证券：苹果MR的发布或催化内容板块投资机会
科技,马斯克结束访华，外界猜测收获！期间特斯拉股价走高，马斯克又成世界首富
财经,早盘：美股继续上扬 能源与通讯服务板块领涨
财经,美国贸易逆差扩大至六个月来最高水平 受进口增加推动
财经,一边产能过剩一边大规模扩产 两大光伏龙头同日宣布有“大动作”
财经,刘珺：比较视域下中国式现代化理论、超越与范式升维
财经,如何通过炼油利润率判断石油市场前景?这三位能源分析师给出了答案
财经,中国生命集团(08296.HK)委任胡朝晖为独立非执行董事
财经,德银惨案过后 ESMA寻求加大CDS交易披露力度
财经,奈飞涨超4% 获多行上调目标价
财经,Stitch Fix涨超22% 或于2024财年退出英国市场
财经,圣诺医药-B(02257)6月7日斥资167.95万港元回购3.6万股
财经,美银：业绩指引强劲 上调斯马克目标价至170美元
财经,圣诺医药-B(02257.HK)6月7日耗资167.95万港元回购3.60万股
财经,美国财长耶伦：存在着保持就业强劲的同时让通胀下降的路径
财经,Yext大涨32% Q1每股收益大超预期 上调全年收入指引
财经,美国财政部现金余额回升 预计6月底达到接近4250亿美元
财经,红杉全球三大市场宣布各自独立，背后的原因是？
财经,Neuralink可能需要10年以上时间才能将脑机接口设备商业化
财经,开盘：美股周三小幅高开 市场关注联储政策前景
财经,中国能源建设(03996)拟于6月16日派发现金红利每股A股0.0252元
财经,永达汽车(03669.HK)6月7日耗资198.68万港元回购48.7万股
财经,永达汽车(03669)6月7日斥资约198.68万港元回购48.7万股
财经,瑞强集团(08427.HK)拟折让约8.9%发行合共1238.76万股 净筹95万港元
财经,赛生药业(06600)6月7日斥资211.64万港元回购20万股
财经,宕机超12小时，损失过亿，唯品会基础平台负责人被免职！
财经,世界黄金协会：黄金短期内或面临一些逆风，但中期仍有利好因素
财经,中国北大荒(00039.HK)：撤回清盘呈请
财经,以史为鉴！比特币有望在SEC诉讼事件后迎来反弹？
财经,金山软件(03888.HK)授出合共80.04万股限制性股票
财经,赛生药业(06600.HK)6月7日耗资211.64万港元回购20万股
财经,电报解读|三安光电(600703.SH)碳化硅加速量产，已签订SiC订单超70亿
财经,华尔街的脸被打肿了：2023年看多的资产跌成狗，看空的资产涨上天
财经,电报解读|格林美(002340.SZ)23年预计营收增长30%，产能建设快速推进
财经,康圣环球(09960)6月7日斥资20.75万港元回购13.35万股
财经,前集度汽车副总裁朱江加入Lucid，美国造车新势力开始为进入中国做准备
财经,康圣环球(09960.HK)6月7日耗资20.7万港元回购13.35万股
财经,中信建投证券(06066)将于8月22日或之前派发末期股息每10股2.70元
财经,报告：上海“夜光亮度”列全球第二位
财经,成都高速(01785.HK)：杨坦获选举为公司董事长
财经,成都高速(01785)：杨坦获选举为公司董事长
财经,“小李子”首次试水太空领域投资：这家公司要绘制全球3D地图 已拿下12亿美元订单
财经,中天策略:6月8日市场分析
财经,中天期货:甲棕榈油再收十字星 醇弱势继续
财经,科创信息(300730.SZ)2022年度拟每10股派0.15元 6月16日除权除息
财经,协鑫科技(03800)6月7日斥资3011.23万港元回购2000万股
财经,西大门(605155.SH)2022年度每股派0.2元 股权登记日为6月13日
财经,协鑫科技(03800.HK)6月7日耗资3000万港元回购2000万股
财经,大为股份：子公司拟25亿元投建年产4万吨碳酸锂冶炼加工项目
财经,中烟香港(06055)发盈喜 预期中期股东应占利润增长逾100%
财经,大为股份(002213.SZ)：拟25亿元投建年产4万吨碳酸锂冶炼加工项目
财经,康宁医院(02120.HK)达成复牌指引 拟6月8日复牌
财经,中烟香港(06055.HK)盈喜：预计上半年公司所有者应占利润增幅不低于100%
财经,伊戈尔(002922.SZ)实控人累计增持公司2%股份 增持实施完毕
财经,交通银行(03328)：刘建军任首席风险官获国家金融监督管理总局核准
财经,康宁医院(02120)：复牌指引已达成 6月8日复牌
财经,交通银行(03328.HK)：林骅、刘建军及王文进的任职资格获核准
财经,新钢股份(600782.SH)：拟不超2亿元向欧冶工业品增资
财经,朗坤环境(301305.SZ)：拟使用不超11亿元闲置自有资金进行委托理财
财经,富智康集团(02038.HK)附属公司提议出售若干资产
财经,申华控股(600653.SH)：力争实现汽车零售板块收入、利润恢复性增长
财经,致欧科技(301376.SZ)：网上路演时间为6月9日14:00-17:00
财经,海尔智家(06690)6月7日回购55万股H股及80万股A股
财经,恒勃股份(301225.SZ)披露中签结果：中签号码共有2.3173万个
财经,豪江智能(301320.SZ)将于6月9日在创业板上市
财经,飞沃科技(301232.SZ)披露中签结果：中签号码共有1.3065万个
财经,海尔智家(06690.HK)6月7日耗资1298.99万港元回购55万股
财经,由于进口增加，美国贸易出现六个月以来最大逆差
财经,海看股份(301262.SZ)IPO定价为30.22元/股 6月9日申购
财经,威士顿(301315.SZ)IPO定价为32.29元/股 6月9日申购
财经,润建股份(002929.SZ)：2022年度权益分派10派2.5元 股权登记日6月13日
财经,汉威科技(300007.SZ)：在人形机器人领域，公司在与部分厂商开展技术合作
财经,汇鸿集团(600981.SH)：首创的“三自一专”模式促进跨境电商业务稳健发展
财经,2连板国芳集团：未发现可能对公司股价产生较大影响的报道或市场传闻
财经,17天11板“妖股”董事长、监事会主席辞职!谁在爆炒杭州热电？
财经,卫宁健康(300253.SZ)2022年度拟每10股派0.1元 6月15日除权除息
财经,汉威科技(300007.SZ)：柔性传感器在非侵入式的脑部生理电等信息采集方面能够产生应用，但目前尚处于早期研发阶段
财经,汉威科技(300007.SZ)：公司积极布局脑机接口相关技术，并取得一定进展
财经,洲明科技(300232.SZ)拟10股派0.15元 于6月14日除权除息
财经,央行持续出手！狂买620亿！
财经,汉威科技(300007.SZ)：苏州能斯达目前产品性能成熟稳定，已经实现批量出货
财经,*ST深南(002417.SZ)：深交所决定公司股票终止上市
财经,雅本化学(300261.SZ)：控股股东拟减持不超3%股份
财经,格隆汇6月7日丨据市场消息，德国蒂森克虏
财经,博世科(300422.SZ)：与大陆希望签署战略合作框架协议
财经,盘前：道指期货涨0.1% 美银：散户投降预示美股上涨
财经,联合光电(300691.SZ)拟10股派1元 于6月15日除权除息
财经,科陆电子(002121.SZ)：收到1.63亿元中标通知书
财经,叙福楼集团(01978)将于6月27日派末期股息每股7.77港仙
财经,中欣氟材(002915.SZ)：2022年度权益分派10派2元 股权登记日6月15日
财经,硕贝德(300322.SZ)：拟投资2.55亿元开展新能源线束生产项目
财经,瑞丰新材(300910.SZ)大股东中石化资本累计减持148.8万股
财经,品渥食品(300892.SZ)：拟回购0.5%-1%公司股份
财经,品渥食品：拟回购50万股-100万股
财经,受益产品涨价 金宝汤Q3利润超预期
财经,苹果MR开发套件已开放申请 中国开发者期待推动3D内容生态
财经,失去“财富密码”，东方财富失速
财经,海能实业(300787.SZ)遭大股东李伟雄及其一致行动人大宗交易减持345.03万股
财经,东方电气(01072)：同意委任冯勇为联席公司秘书
财经,浪潮数字企业(00596)将于8月10日派发末期股息每股0.02港元
财经,唯科科技(301196.SZ)：2022年度权益分派10派7元 股权登记日6月14日
财经,九典制药(300705.SZ)：从外用抗炎镇痛药物的市场竞争格局来讲，目前化药品种较少，未能很好的满足患者的用药需求
财经,深交所：山东航空股份有限公司股票终止上市
财经,海能实业(300787.SZ)：减持数量已过半 李伟雄及其一致行动人减持合计345.03万股
财经,苏新服务(02152.HK)以580.81万元出售苏高新怡养健康管理49%股权
财经,“宁王”遭大摩看空，股价放量跌超6%…分析 市场反应明显过度
财经,中化岩土(002542.SZ)：董事刘忠池拟减持不超过950万股
财经,一天杀两“白马”！原因可能是TA......
财经,九典制药：洛索洛芬钠凝胶贴膏在广东联盟的降价幅度是25%
财经,"11板""妖股""突发！董事长、监事会主席双双辞职，年薪均超百万......"
财经,新和成(002001.SZ)2022年度拟每10股派5元 6月14日除权除息
财经,海融科技(300915.SZ)：海融香港拟设立马来西亚全资子公司
财经,九典制药(300705.SZ)：洛索洛芬钠凝胶贴膏在广东联盟的降价幅度是25%
财经,京投交通科技(01522.HK)拟成立合营从事智慧枢纽相关业务项目
财经,海融科技(300915.SZ)：海融香港拟设立菲律宾控股子公司
财经,信能低碳(00145.HK)拟折让约9.09%配售最多1.88亿股 净筹约708万港元
财经,国联水产：2.21亿股限售股6月12日解禁上市，占公司总股本的19.5177%
财经,大晟文化(600892.SH)：拟6034万元转让劝业场酒店83.3333%股权及酒店对应的土地使用权
财经,东星医疗(301290.SZ)：拟推195.67万股限制性股票激励计划
财经,两个多月涨幅超20%！白银价格狂飙
财经,足球领域仍有大量机会 凯雷集团寻求意甲媒体转播权交易
财经,新和成(002001.SZ)：拟推第四期员工持股计划
财经,投资7年收益仅1倍，美的集团“清仓式”减持埃夫特
财经,5月末我国外汇储备规模为31765亿美元
财经,慧舍科技溢价55%夺得合力泰控股权，百亿私募迎水投资等来“白马骑士”
财经,今年立法工作计划公布，未提个税、房地产税法，重头戏是这些
财经,美亨实业(01897.HK)拟6月20日举行董事会会议 审批年度业绩
财经,瑞茂通(600180.SH)：向激励对象授予6690万份股票期权
财经,经济观察：5月中国进出口增速意味着什么？
财经,中国铝业(601600.SH)：预计2023年焦煤进口量与2022年持平
财经,珍宝岛(603567.SH)：拟推256.03万股限制性股票激励计划
财经,中国铝业(601600.SH)：海外拥有18亿吨左右铝土矿资源
财经,中国铝业(601600.SH)：目前国内原铝供需处于平衡状态
财经,三安光电(600703.SH)：拟投资70亿元从事生产碳化硅衬底 加快布局车规级碳化硅芯片
财经,中国铝业(601600.SH)：公司氧化铝、电解铝完全成本竞争力均处于行业50%以内
财经,中国铝业(601600.SH)：虽然今年氧化铝整体投产有所增加，但从整体供需情况来看仍处于宽松平衡状态
财经,三安光电：全资子公司与意法半导体公司成立合资公司，从事碳化硅外延、芯片生产
财经,电报解读|星环科技(688031.SH)国产数据库加速国产替代，受益于AI在各个行业中的应用
财经,三安光电(600703.SH)：拟6.12亿美元设立合资公司 从事碳化硅外延、芯片生产
财经,ESR(01821)：胡伟退任非执行董事
财经,美媒：高盛考虑亏本出售爱尔兰最大购物中心
财经,WSTS：预计今年全球半导体行业出现两位数下滑 但明年将反弹约11.8%
财经,星环科技(688031.SH)：拟定增募资不超15.21亿元用于AI知识助理建设项目等
财经,士兰微(600460.SH)：定增申请获得证监会同意注册批复
财经,涪陵榨菜(002507.SZ)拟10转3派3.8元 于6月16日除权除息
财经,智翔金泰(688443.SH)：IPO发行价为37.88元/股 6月9日申购
财经,*ST腾信(300392.SZ)：深交所决定终止公司股票上市
财经,涪陵榨菜(002507.SZ)：2022年度权益分配10转3派3.8元 股权登记日6月15日
财经,鹏鹞环保(300664.SZ)拟10股派1.5元 于6月14日除权除息
财经,国科军工(688543.SH)：网上路演时间6月9日9:00-12:00
财经,中石油下属企业高管被街拍后续：涉事人免职 女子疑似内部员工
财经,兴瑞科技(002937.SZ)：产能方面海内外共六大建设生产基地
财经,鹏鹞环保(300664.SZ)：2022年度权益分派10派1.5469元 股权登记日6月13日
财经,海尔生物(688139.SH)：拟以4300万元对参股公司超立安增资
财经,移为通信(300590.SZ)拟10股派1.2元 于6月14日除权除息
财经,京基智农(000048.SZ)：控股股东拟协议转让所持5.00%股份
财经,*ST中安(600654.SH)：撤销退市风险警示并继续实施其他风险警示 股票停牌
财经,京基智农：5月公司销售生猪14.92万头，销售收入2.15亿元
财经,兴瑞科技(002937.SZ)：近期部分终端车型降价行为对公司暂无明显影响
财经,东方材料(603110.SH)：公司尚未从NOKIA处获得华为是否行使优先受让权的回函
财经,爱克股份(300889.SZ)拟10股派0.602985元 于6月14日除权除息
财经,兴瑞科技(002937.SZ)：在新能源汽车领域，开拓了日立安斯泰莫(Astemo)、日电产及中车时代等更多优质客户时，获得品牌背书和定点
财经,京基智农(000048.SZ)：5月生猪销售收入2.15亿元
财经,Coinbase遭调查：被指非法赚取几十亿美元 “木头姐”仍加持
财经,争光股份(301092.SZ)拟10股派1.2元 于6月15日除权除息
财经,西高院(688334.SH)：网上发行最终中签率约为0.049%
财经,中粮科工(301058.SZ)：2022年度权益分派10派2元 股权登记日6月14日
财经,阿特斯(688472.SH)于6月9日在科创板上市
财经,建设银行(00939.HK)：纪志宏执行董事任职资格获核准
财经,阿特斯(688472.SH)：股票将于6月9日科创板上市
财经,*ST紫晶：6月8日进入退市整理期，预计最后交易日期为6月30日
财经,环球友饮智能(08496.HK)委任信永中和为核数师
财经,争光股份(301092.SZ)：2022年度权益分派10派1.2元 股权登记日6月14日
财经,士兰微(600460.SH)向特定对象发行A股股票申请获证监会同意注册批复
财经,中国科传(601858.SH)：公司目前未投资开展生成式人工智能、AIGC等有关业务
财经,欧洲央行诺特：如果通胀居高不下 可能需要进一步加息
财经,建设银行(00939.HK)：崔勇正式就任执行董事
财经,东方材料：TDTECH公司章程中约定了股东的优先受让权条款
财经,*ST腾信：收到股票终止上市决定
财经,建设银行(00939)：崔勇正式就任执行董事
财经,聚和材料(688503.SH)：子公司拟4.6亿元参与认购产业基金
财经,华兴源创(688001.SH)2022年拟每10股派3元 6月15日除权除息
财经,聚和材料(688503.SH)：拟约12亿元投资建设高端光伏电子材料基地项目
财经,金宏气体(688106.SH)2.22亿股限售股将于6月16日上市流通
财经,大摩“唱空”，多家机构发声了！9000亿“宁王”估值怎么看？
财经,禅游科技(02660.HK)因股票期权计划获行使增发100万股
财经,东方国信(300166.SZ)：公司已有数字水印技术，对于模型输出可以做防伪追踪
财经,重仓茅台大赚的幕后“神秘”买家罕见现身！“新目标”竟是它！这些或为隐形重仓股......
财经,因期权获行使 禅游科技(02660)发行100万股
财经,九号公司(689009.SH)：存托凭证持有人减持超过1%
财经,ESR(01821)根据获行使KM雇员持股计划发行207股
财经,堂堂老牌国企也造假？航天动力：5年虚增收入38亿，背后又见“老炮儿”隋田力
财经,德国陷衰退 希腊经济意外萎缩 欧元区整体经济蒙上阴影
财经,蒙牛乳业(02319)6月7日斥资约924.42万港元回购30万股
财经,4000万撬动免死金牌，37位内部股东提前喊减持，晨丰科技：高举7家“三无公司”，进军新能源啦！
财经,科博达(603786.SH)拟每股派0.5元 于6月15日分红
财经,家联科技(301193.SZ)：504万股限售股将解除限售、实际可上市流通的为126万股
财经,蒙牛乳业(02319.HK)6月7日耗资922.42万港元回购30万股
财经,飞龙股份(002536.SZ)：目前已建立联系、定点及批量供货的新能源客户有理想、蔚来、奇瑞、零跑、广汽埃安、吉利等120余家
财经,比亚迪股份(01211):吕向阳所持的265万股被解押
财经,银河磁体(300127.SZ)：2022年度权益分派10派4元 股权登记日6月14日
财经,飞龙股份(002536.SZ)：不会在发动机热管理产品上再进行投资
财经,国联水产(300094.SZ)：2.21亿股限售股将于6月12日解禁
财经,中国5月出口同比转跌，人民币短线走弱，外贸人体感如何？
财经,中石油旗下公司“牵手门”涉事人员被免职
财经,广东湛江开建琼州海峡客滚运输应急保障基地
财经,花旗：维持永达汽车买入评级 目标价降至5.32港元
财经,万达集团又一个坏消息！王健林慌不？
财经,金宏气体(688106.SH)：2.22亿股限售股6月16日解禁
财经,欣旺达(300207.SZ)：近期发布闪充电池系列解决方案，有效支持1000公里续航里程，实现10分钟从20%充至80%SOC
财经,亿帆医药(002019.SZ)：甲硫酸新斯的明注射液境内注册上市许可申请获受理
财经,欣旺达(300207.SZ)：动力电池板块国内客户包括吉利、东风、理想等，海外客户包括雷诺、日产等
财经,多家基金错失英伟达 已纷纷认错回补
财经,电投产融(000958.SZ)：股东云能资本非公开发行可交换公司债券获得符合深交所挂牌条件无异议函
财经,欣旺达(300207.SZ)：公司基地布局和建设已提前规划好了，不存在这一方面的困难
财经,欣旺达(300207.SZ)：动力电池市场仍处于洗牌的过程中，公司有望在近两年加速洗牌的过程中脱颖而出
财经,大业股份(603278.SH)：减持数量已过半 郑洪霞累计减持118万股
财经,大业股份(603278.SH)董事、总经理郑洪霞累计已减持118万股
财经,电投产融(000958.SZ)：云能资本拟提前终止减持计划 已减持0.998%股份
财经,欣旺达(300207.SZ)：公司消费类电池业务正处于恢复增长的态势
财经,为了“保壳”金科再搞“小动作”，股票于7日起成功停牌
财经,同道猎聘(06100.HK)6月7日耗资134.47万港元回购14.58万股
财经,四环医药(00460.HK)：受托人就股份奖励计划购买合共450万股
财经,四环医药(00460)：受托人就股份奖励计划购买合共450万股
财经,同道猎聘(06100)6月7日回购14.58万股
财经,网龙(00777.HK)6月7日耗资296万港元回购20万股
财经,雅戈尔(600177.SH)拟每股派0.5元 于6月14日分红
财经,ST实达(600734.SH)：948.22万股限售股6月14日解禁
财经,宝莱特(300246.SZ)：四川宝莱特透析粉液生产基地已建成，预计将能在今年内投产
财经,默克起诉美国政府，美国药品定价改革博弈激化
财经,伟思医疗(688580.SH)：向激励对象授予106.15万股限制性股票
财经,宝莱特(300246.SZ)：自主研发的自动化腹膜透析设备PD600治疗模式齐全，搭载物联网系统
财经,晶华新材(603683.SH)：减持数量已过半 监事周德标累计减持20.13万股
财经,比亚迪股份(01211.HK)：增设人民币柜台
财经,宝莱特(300246.SZ)：目前主要是国产透析设备的国产化率低，完全国产自主的透析设备仅占不足10%的市场份额
财经,希腊经济意外萎缩 德国衰退背景下恐进一步拖累欧元区整体表现
财经,宝莱特(300246.SZ)：公司G系列监护仪、输注泵、CRRT、AED、高端透析用水处理设备、尿量检测仪等等新产品在未来将陆续推出
财经,欧洲央行管委Knot：如果通胀保持高位 可能需要进一步加息
财经,中国药企在ASCO | 百利天恒双抗ADC治疗耐药NSCLC表现卓越，ORR最高达61.8%
财经,5天闪崩2次，史上最贵ST股年营收不到亿元！“人参之王”连续24个跌停，ST板块低价股扎堆
财经,中国药企在ASCO | 小分子领域头号赢家，迪哲医药入选2项口头报告
财经,突发！“爆炒股”董事长、监事会主席同时辞职！
财经,晶华新材(603683.SH)监事周德标累计减持公司20.13万股
财经,广信材料(300537.SZ)：随着新产能投产和新产品市场开拓，预计三季度有望实现较快增长
财经,立高食品(300973.SZ)股东赵键完成减持 合计减持1%股份
财经,郑州煤电(600121.SH)：控股股东拟3亿元转让6637.1万股给郑州热力
财经,京东健康(06618.HK)：人民币柜台的设立将于6月19日生效
财经,中国软件国际(00354.HK)6月7日耗资963.6万港元回购200万股
财经,广信材料(300537.SZ)：光伏感光胶主要开发应用于光伏电镀铜新工艺中，研发进度正有序推进中
财经,中国软件国际(00354)6月7日斥资963.65万港元回购200万股
财经,四川成渝高速公路(00107)拟于6月15日派末期息每股A股0.1元
财经,中金公司(03908)将于8月18日派发末期股息每10股1.8元
财经,宁王再次下跌，长春高新遭5机构甩卖2.8亿！市场突然流行“反包”，它们明天能“站”起来吗？
财经,深圳燃气(601139.SH)：因到龄退休 董事长李真辞职
财经,华能国际电力股份(00902.HK)完成发行20亿元中期票据
财经,金田股份(601609.SH)2022年拟每10股派0.91元 6月14日除权除息
财经,京东健康(06618)设立人民币柜台
财经,一天蒸发500亿！“宁王”到底能赚多少钱？机构彻底吵翻
财经,神农集团(605296.SH)2022年度拟每股派0.25元 6月15日除权除息
财经,松霖科技(603992.SH)：始终坚持“健康硬件IDM”和“松霖•家”的“双引擎”发展战略
财经,我乐家居(603326.SH)2022年度每股派0.15元 股权登记日为6月13日
财经,亚洲金融6月7日斥资17万港元回购5万股
财经,松霖科技(603992.SH)：智能马桶品类营收占倍杰特整体营收大概有20%-30%的水平
财经,泡泡玛特6月7日斥资约527.41万港元回购30万股
财经,松霖科技(603992.SH)：倍杰特今年的整个订单增速是比较好的
财经,汇量科技6月7日斥资125.46万港元回购33.3万股
财经,松霖科技(603992.SH)：“松霖·家”目前还处于模式升级研发阶段
财经,信星集团发盈喜 预计年度取得股东应占溢利约4500万至5500万港元
财经,路畅科技(002813.SZ)股东张宗涛等拟减持33.41万股
财经,ST浩源(002700.SZ)拟10股派0.6元 于6月15日除权除息
财经,君禾股份(603617.SH)：将继续丰富锂电水泵产品系列
财经,松霖科技(603992.SH)：目前暂没有融资计划
财经,松霖科技(603992.SH)：厨卫健康品类从出口业务来看跟房地产是弱相关
财经,伟仕佳杰6月7日斥资约150.18万港元回购37万股
财经,君禾股份(603617.SH)：目前暂无海外建厂需求
财经,东风集团股份6月7日斥资685.8万港元回购185.6万股
财经,松霖科技(603992.SH)：接下来更需要通过产品创新提升产品的智能化
财经,凯中精密(002823.SZ)董事吴琪累计减持17.5万股 减持计划时间已过半
财经,君禾股份(603617.SH)：规划成立40人的电商部门，预期销售目标为达到8000万-1亿
财经,松霖科技(603992.SH)：公司与客户合作中份额占比比较大的是花洒类产品
财经,五洲特纸(605007.SH)2022年度每股派0.16元 股权登记日为6月14日
财经,奥飞数据(300738.SZ)：拟参投产业投资基金 专项投于厦门海辰储能科技
财经,东亚银行6月7日斥资219.65万港元回购21.4万股
财经,松霖科技(603992.SH)：2027年我国个护美容市场规模有望达到7288亿元
财经,君禾股份(603617.SH)：未来预期随着海外库存消耗及消费市场逐步复苏，水泵主业会呈现复苏反弹
财经,冠农股份(600251.SH)：控股子公司以3195.63万元竞得万通包装名下相关房产
财经,腾讯控股6月7日斥4.01亿港元回购119万股
财经,长实集团(01113.HK)6月7日耗资3971万港元回购90万股
财经,首程控股6月7日斥资约401.68万港元回购200万股
财经,东贝集团(601956.SH)2022年度每股派0.10003元 股权登记日为6月13日
财经,长实集团(01113)6月7日斥资3971万港元回购90万股
财经,东威科技(688700.SH)：本次发行价格区间已确定为每份GDR17.74美元至18.31美元
财经,华邦健康(002004.SZ)拟10股派2.2元 于6月15日除权除息
财经,立高食品(300973.SZ)：股东赵键完成减持1.0%股份
财经,万国国际矿业(03939)拟派发末期股息每股0.1元
财经,北控城市资源(03718.HK)选举杨莉珊为新董事
财经,新时代能源6月7日斥资12.36万港元回购100万股
财经,京东集团-SW(09618.HK)设立人民币柜台
财经,鸿博股份：不存在未披露的影响公司股票交易价格异常波动的重大事项
财经,合生创展集团前5个月总合约销售金额约139.75亿元 同比增加3.84%
财经,京东集团-SW(09618)设立人民币柜台
财经,四川路桥(600039.SH)：发行不超30亿元公司债券获得证监会同意注册
财经,长虹华意(000404.SZ)拟10股派2元 于6月16日除权除息
财经,上海莱士(002252.SZ)：目前血液制品特别是人血白蛋白、静注人免疫球蛋白两类产品处于供需紧平衡状态
财经,万邦投资将于7月4日派发中期息每股1.8港元
财经,华盛国际控股(01323.HK)将于6月21日举行董事会会议以审批年度业绩
财经,汇量科技(01860)6月7日斥资125.46万港元回购33.3万股
财经,中骏集团控股前5个月累计合同销售金额约170.75亿元 同比减少36%
财经,IMAX CHINA拟6月23日或前后派发末期股息每股0.117港元
财经,恒泰裕集团6月7日斥资75.75万港元回购750万股
财经,普京：2023年俄罗斯国内生产总值预计将增长1%至2%
财经,龙源电力5月完成发电量711.18万兆瓦时 同比增长18.46%
财经,第十五届“全国文化企业30强”发布
财经,与女子牵手逛街的国企总经理，被免职！(图)
财经,比特币在SEC利空消息后迅速反弹 按照历史规律或有进一步上行空间
财经,中国石油北京项目管理公司：胡继勇已被免去相关职务，接受纪委核查
财经,捷利交易宝5月新增机构客户1个
财经,贝壳-W6月6日斥资600万美元回购110.15万股
财经,汇丰控股6月6日斥资约1.24亿港元回购210.4万股
财经,渣打集团6月6日斥资约364.23万英镑回购54.49万股
财经,澳部长就贸易谈判警告欧盟：澳中关系正解冻，我们现在“不缺舞伴”
财经,东方电气将于7月28日派发末期股息每10股3.35元
财经,国银金租拟于8月9日派发末期息每10股0.7952元
财经,理想汽车在常州成立智能制造公司，注册资本1.2亿元
财经,友邦保险6月7日斥资约1.32亿港元回购164.42万股
财经,Google Cloud宣布与Mayo Clinic合作，通过生成式AI改进医疗保健
财经,全球科技公司今年已裁员逾20.2万人，远超去年全年
财经,市值被苹果超越的美国小盘股指数大举反攻，投资者看到了什么？
财经,光大期货0607热点追踪：煤化工回归跌势 甲醇底在哪里？
财经,红杉分拆内幕：这对被投资机构是利好还是利空？
财经,澳大利亚国债收益率曲线走势暗示衰退恐难以避免
财经,期货大咖聊大宗|广发期货朱迪：玉米短期或有压力 但不用过度悲观
财经,低估值优势明显 小摩再次增持中国股票
财经,经合组织：英国今年将成为发达国家中通胀率最高的国家之一
财经,游戏驿站盘前涨2% 将于盘后发布财报
财经,NOVONIX盘前涨超12% 与LG Energy Solution达成联合开发和投资协议
财经,经合组织再次上调中国今年经济增速 而全球复苏缓慢
财经,生猪期货持仓量逼近历史高位 市场博弈持续加剧
财经,美股到年底将涨20%？Fundstrat：这三个指标很重要
财经,期货大咖聊大宗|广发期货朱迪：生猪逢高空远月合约 安全边际较高
财经,欧盟将发起调查以提高债券吸引力
财经,经合组织：通胀高企 今年全球GDP将仅增2.7%
财经,5月末我国外汇储备规模为31765亿美元，较4月末下降283亿美元，降幅为0.88%
财经,Yext盘前涨超16% Q1每股收益大超预期 上调全年收入指引
财经,多家大行6月8日起下调人民币存款利率，3年期、5年期定存挂牌利率下降15个基点
财经,Grove Collaborative盘前跌超12% 遭高管连续减仓
财经,Unity盘前走高 正式启动visionOS beta项目
财经,越买越香！海外投资者对日股的兴趣还在上升
财经,传沃达丰与长和最早于周五宣布英国业务合并
财经,欧央行执委Schnabel：通胀依旧居高不下 加息仍未结束
财经,未来是“空间计算”而非“元宇宙”！这不是文字游戏，是苹果的价值观
财经,5月黑猫投诉商超领域红黑榜：盒马售卖食品有霉斑不承认质量问题
财经,库克回应Vision Pro价格昂贵：这是“最先进的电子设备”
财经,迅雷盘前涨超5% 宣布2000万美元股票回购计划
财经,瑞典克朗汇率接近历史新低之际 民众支持欧元呼声日益高涨
财经,沃达丰盘前涨超2% 沃达丰与长和最快周五宣布英国业务合并
财经,Gitlab盘前续涨近1% Q1营收、Q2指引均超预期
财经,收评：港股恒指收涨0.8% 科指收涨2.26%海昌海洋公园收跌27%
财经,京东20年：VC史上经典一战
财经,波音公司回应787飞机发现问题：影响近期交付
财经,建设非洲能源互联网 推动非洲能源转型
财经,申万宏源：首予洲际船务买入评级 三大业务板块营收持续增长
财经,各方共促非洲能源转型
财经,小摩：予招商银行增持评级 目标价70港元
财经,经合组织预计今年全球GDP增长2.7%，敦促各国央行保持紧缩
财经,国泰君安(香港)：首予鸿腾精密买入评级 目标价1.95港元
财经,澳第一大行澳大利亚联邦银行禁止员工使用ChatGPT，采用自有AI系统
财经,海昌海洋公园称不知股价异动原因
财经,美国纽约市就汽车盗窃案激增起诉现代和起亚：拒绝安装防盗器，造成公共危害
财经,兴业证券：维持达利食品增持评级 高管履新激发公司新活力
财经,爱康医疗尾盘涨近4% 招银国际给予买入评级
财经,华创证券：维持百威亚太推荐评级 今明两年成本有望持续利好
财经,ASMPT尾盘涨超3% 开源证券首予买入评级
财经,日内暴跌逾5%！土耳其里拉遭遇两年来最大单日抛售
财经,车企价格战，供应商躺枪？网传长安汽车强扣10%货款！官方回应来了
财经,大摩：维持同仁堂国药增持评级 目标价上调至18.3港元
财经,菲律宾预计糖产量下降，着眼于增加进口
财经,2012年以来首次下跌！英国5月Halifax房价同比下降1%
财经,葛兰素史克全球首款老年人RSV疫苗获欧盟委员会批准
财经,长安汽车回应网传供应商“申诉函”，直扣货款等内容不实已报案
财经,欧盟将对实施“经济勒索”的国家加征关税是针对中国？外交部回应
财经,基因觉醒，年轻人跑去深圳“批发”黄金
财经,外交部：希望欧盟和国际社会一道共同反对美国的经济胁迫
财经,美国国务卿布林肯将在未来几周内访华？外交部回应
财经,6月7日沪深两市涨停分析：鸿博股份录得10天7板 铭普光磁走出7天6板
财经,经合组织下调韩国今明两年经济增长预期，因利率上升和出口疲软
财经,华尔街最热的词：Skip！
财经,合景泰富集团午后涨超5% 近2个交易日上涨15%
财经,复星旅游文化午盘继续升高 股价现涨近6%
财经,苹果下一个挑战：Vision Pro需要的是应用程序而非销量
财经,土耳其里拉持续贬值 再创历史新低
财经,星空华文午后涨超4% 创上市新高
财经,牛弹琴：有人说阿里变了，但我看，阿里还是当年那个阿里
财经,数码博主进化论
财经,收评：甲醇跌超3%，20号胶涨超2%，橡胶涨近2%
财经,股指期货震荡下行 IC主力合约跌0.18%
财经,战投浮亏7%，中奥通宇IPO三成募资款用于买房
财经,14条措施“稳规模优结构” 江苏发文激发外贸新动能
财经,押题成功？各家GPT来写今年高考作文，谁最出彩？
财经,日本低保申请数连续3年增加 或受新冠疫情及物价上涨影响
财经,收评：北向资金净买入25.11亿元，沪股通净买入16.77亿元
财经,山东国资强势出手！郭广昌旗下德邦证券或易主
财经,英国5月房价同比下跌1%，为11年来首次年率下跌
财经,美股到年底将涨20%？Fundstrat：由这三个因素来定夺
财经,布鲁克菲尔德以11亿美元价格出售新西兰电信公司One NZ股份
财经,接连举牌浙江交科和中原高速，长城人寿意欲何为？
财经,北京报告两例！猴痘是什么，如何传播？一图读懂
财经,英媒：下一轮工业化浪潮，中国将是弄潮儿
财经,硅谷预言家安德森万字长文：人工智能不会毁灭世界，反而可能拯救世界
财经,不惧币圈大地震 “木头姐”加仓Coinbase近42万股
财经,与马斯克唱反调，风投大佬呼吁放飞人工智能：AI只是机器，永远不会有生命
财经,郭广昌要卖德邦证券？近两年净亏近5个亿
财经,移卡午盘升近4% 华泰证券给予目标价32.1港元
财经,恐袭影响消退 道达尔拟重启莫桑比克液化天然气项目
财经,飞思达科技现涨近22% 今年以来股价已大涨234%
财经,专访兰世立：首富只是虚名，任何一个行业都需要“疯子”
财经,热搜爆了！都说今年高考作文简单？我们请AI写了几篇…
财经,柠萌影视午后涨近8% 此前安信证券给予“买入-A”评级
财经,阅文集团午盘涨超4% 天风证券首予买入评级
财经,无惧SEC“大棒”!“木头姐”抄底Coinbase
财经,北京经济技术开发区管委会原主任梁胜严重违纪违法被双开
财经,市值半天蒸发超500亿！“宁王”估值现分歧，大摩看空，多家机构看好
财经,昊华科技(600378.SH)：二季度氟化工产品价格基本保持稳定
财经,台股收涨近1%站上16900点，创去年4月以来新高
财经,公司问答 | 温州宏丰：公司生产的部分产品可应用于新能源汽车动力电池、储能电池和消费类锂电池等领域
财经,公司问答 | 温州宏丰：公司生产的部分产品可应用于新能源汽车动力电池、储能电池和消费类锂电池等领域
财经,鑫宏业(301310.SZ)：公司新能源汽车线缆产品包括新能源汽车车内高压线缆、充电桩线缆及充电枪线缆
财经,通威股份：硅料价格能否稳定很难说 公司会讨论方案来稳定股价
财经,格隆汇6月7日丨据一财，通威股份表示产能
财经,赛科希德(688338.SH)：新产品推广情况良好
财经,天玑科技(300245.SZ)：目前我司PBData系列产品已经全面支持和应用国产品牌和技术
财经,日本景气一致指数环比上涨0.2，已连续上涨3个月
财经,赛科希德(688338.SH)：参投的四川博飞珂生物处于产品研发阶段，已取得部分新产品注册证
财经,公司问答 | 东方国信：子公司东云睿连与Intel联合发布基于Intel NUC一体机硬件和OpenVINO打造而成的OMHuman虚拟数字人解决方案
财经,公司问答 | 东方国信：子公司东云睿连与Intel联合发布基于Intel NUC一体机硬件和OpenVINO打造而成的OMHuman虚拟数字人解决方案
财经,格隆汇6月7日丨长春高新午后跌超9%，股
财经,满坤科技(301132.SZ)：公司PCB产品已广泛应用于数据中心相关存储和传输设备、电子控制器等领域
财经,长春高新午后大跌超9% 股价创1年以来新低
财经,广东蓝皮书：广东省地区生产总值连续34年居全国第一
财经,汇丰：重启后的硅谷银行英国分行将继续致力于服务初创公司
财经,安联锐视(301042.SZ)总经理李志洋减持时间过半 尚未减持公司股份
财经,格隆汇6月7日丨土耳其里拉兑美元下跌4%
财经,格隆汇6月7日丨瑞士5月季调后失业率2%
财经,长春高新午后跳水跌超6% 股价创逾1年新低
财经,隆基绿能新设光伏科技公司 含电池制造业务
财经,数据要素概念持续冲高 新华网涨停
财经,新媒股份：公司与科大讯飞共同成立元宇宙XR联合创新实验室
财经,"路易威登将推出限量系列NFT，售价41,712美元"
财经,"路易威登将推出限量系列NFT，售价41,712美元"
财经,“太难了！”出境游为何“签证难”？何时能好转？
财经,万科高管的钱袋子：万物云在上市之前，早就把公司的管理层喂饱了
财经,泰和新材(002254.SZ)：芳纶纸复合材料进展也比较快
财经,天韵国际控股午盘大涨超14% 今年以来累涨超208%
财经,泰和新材(002254.SZ)：现在发光纤维和纤维锂电池都实现量产了
财经,泰和新材(002254.SZ)：印染项目在烟台蓬莱园区有个示范工厂 大约三季度投产
财经,基建股今日回暖 中国交建及中国中铁均涨逾3%
财经,股民索赔新疆浩源案，法院选定示范案件
财经,长园集团索赔时效即将到期，符合条件股民尽快起诉
财经,泰和新材(002254.SZ)：间位芳纶的价格高端领域比较稳定
财经,电池级碳酸锂报价上涨3500元/吨 报310000元/吨
财经,泰和新材(002254.SZ)：芳纶从量的角度来看同比是增长的
财经,继续看好日本！高盛考虑进军日本电力衍生品交易
财经,泰和新材(002254.SZ)：根据电池厂要求去配备基膜
财经,泰和新材(002254.SZ)：基膜采购目前是三四个供应商
财经,中消协发布消费警示：警惕培训班退费骗局
财经,泰和新材(002254.SZ)：现在在进行产业化设计
财经,泰和新材(002254.SZ)：芳纶涂覆隔膜已经给10多家企业送样
财经,中国驻日使馆谈核污染水排海：日方一意孤行 令人愤慨
财经,抖音扩张自营电商？回应：将进行业务尝试
财经,濠赌股午后继续拉升 美高梅中国涨6%
财经,传闻基金实时净值估算功能将下线 求证：确在实施中
财经,A股文旅板块冲高
财经,A股航运港口板块拉升
财经,天玑科技：公司已与中国移动（浙江）创新研究院联合研发了反欺诈平台，公司会持续推进相关技术的研发和应用
财经,天玑科技：公司未参加本次华为全球智慧金融峰会2023会议
财经,港股异动 | 九号公司(689009.SH)涨超4% 公司证实与英伟达有业务合作
财经,港股异动 | 九号公司(689009.SH)涨超4% 公司证实与英伟达有业务合作
财经,商汤与上海AI实验室等发布“书生·浦语”大模型
财经,美投行：衰退短期内不会出现 美股反弹也将持续到第四季
财经,高考作文哪家强？几家AI都写了写，名师这样点评
财经,高银金融：呈请聆讯已押后至7月21日
财经,无视SEC诉讼，“木头姐”2100万美元加仓Coinbase
财经,子公司举报前董事长两年“领用”1898瓶茅台 上市公司回应来了
财经,大摩：予国泰航空增持评级 目标价10.7港元
财经,原始股东坐不住了！三只REITs迎来增持
财经,马斯克再谈外星生命：没有看到任何外星人存在的证据
财经,中石油下属企业领导和年轻女子牵手逛街被拍，公司账号火速注销
财经,世行上调今年全球和中国经济增长预期
财经,加加食品突发利空，控股股东成“老赖”！董秘办回应业绩连降
财经,警惕空头陷阱！德银：不要迷信流动性危机
财经,股价下跌逾25% 海昌海洋公园回应：原因暂未知 正在了解更多市场信息
财经,李云泽会见美国花旗集团首席执行官范洁恩
财经,8.64亿收购遭纷美包装董事会反对，新巨丰如何保证投资安全引监管关注
财经,长安汽车回应网传“克扣10%货款”：不实，已报案！
财经,这家骗了董宇辉的公司，被列为“经营异常”！此前因虚假宣传被罚没17万
财经,菲斯克进军排放信用市场以提振业务
财经,午评：港股恒指涨近1%% 恒生科技指数涨2.02%苹果概念股反弹
财经,从对望到奔赴：粤港澳大湾区与海南自贸港相向而行
财经,招银国际：维持绿城服务买入评级 目标价5.93港元
财经,麦格理：维持申洲国际中性评级 目标价下调至72港元
财经,花旗：予创科实业买入评级 目标价130港元
财经,明源云早盘涨超4% 中金维持跑赢行业评级
类别,文本
